-- --------------------------------------------------------
-- Host:                         127.0.0.1
-- Server version:               5.5.54-0ubuntu0.14.04.1 - (Ubuntu)
-- Server OS:                    debian-linux-gnu
-- HeidiSQL Version:             9.4.0.5125
-- --------------------------------------------------------

/*!40101 SET @OLD_CHARACTER_SET_CLIENT=@@CHARACTER_SET_CLIENT */;
/*!40101 SET NAMES utf8 */;
/*!50503 SET NAMES utf8mb4 */;
/*!40014 SET @OLD_FOREIGN_KEY_CHECKS=@@FOREIGN_KEY_CHECKS, FOREIGN_KEY_CHECKS=0 */;
/*!40101 SET @OLD_SQL_MODE=@@SQL_MODE, SQL_MODE='NO_AUTO_VALUE_ON_ZERO' */;

-- Dumping structure for table rumatcoi_absendroid.absenlog
CREATE TABLE IF NOT EXISTS `absenlog` (
  `id` int(11) unsigned NOT NULL AUTO_INCREMENT,
  `id_unit` int(11) NOT NULL,
  `id_peg` int(11) NOT NULL,
  `masuk` datetime DEFAULT NULL,
  `keluar` datetime DEFAULT NULL,
  `macaddress` varchar(100) NOT NULL,
  `gpsloc` varchar(200) NOT NULL,
  PRIMARY KEY (`id`)
) ENGINE=MyISAM AUTO_INCREMENT=6 DEFAULT CHARSET=latin1;

-- Dumping data for table rumatcoi_absendroid.absenlog: 1 rows
/*!40000 ALTER TABLE `absenlog` DISABLE KEYS */;
INSERT INTO `absenlog` (`id`, `id_unit`, `id_peg`, `masuk`, `keluar`, `macaddress`, `gpsloc`) VALUES
	(5, 1, 5, '2015-11-15 07:00:00', '2015-11-15 16:00:00', 'E8-9A-8F-5D-6F-33', '');
/*!40000 ALTER TABLE `absenlog` ENABLE KEYS */;

-- Dumping structure for table rumatcoi_absendroid.netlog
CREATE TABLE IF NOT EXISTS `netlog` (
  `id` tinyint(2) unsigned NOT NULL,
  `waktu` timestamp NULL DEFAULT NULL,
  `datalog` text NOT NULL,
  PRIMARY KEY (`id`)
) ENGINE=MyISAM DEFAULT CHARSET=latin1;

-- Dumping data for table rumatcoi_absendroid.netlog: 99 rows
/*!40000 ALTER TABLE `netlog` DISABLE KEYS */;
INSERT INTO `netlog` (`id`, `waktu`, `datalog`) VALUES
	(1, '2017-02-09 16:07:15', '2#355998063184267#U29#64c61b5c5eedfc30457b5a07ed177e21#2#2017-02-09 16:07:13#null'),
	(2, '2017-02-09 16:07:32', '2#357202072177927#U4#ed3807ed673fd330bc664d4228c4da09#2#2017-02-09 16:07:30#-6.25975324#107.05765391#19.0'),
	(3, '2017-02-09 16:07:37', '2#863285039066983#U4#ed3807ed673fd330bc664d4228c4da09#2#2017-02-09 16:07:36#-6.26090856#107.05718313#4.0'),
	(4, '2017-02-09 16:07:54', '2#868573020867898#U35#a2e4001e6c9be25e52989a763d4c8511#2#2017-02-09 16:07:53#-6.34377108#106.73147005#9.0'),
	(5, '2017-02-09 16:07:56', '2#863069033078891#U32#9a4bb35aae46be8ee6d9b60454593c63#2#2017-02-09 16:07:55#-6.7310811#108.5561992#55.5'),
	(6, '2017-02-09 16:08:17', '2#352414064122341#U39#8e37694bb64b660abf7a75bb75b3c1dc#2#2017-02-09 16:08:41#-6.2169001#106.76975126#12.0'),
	(7, '2017-02-09 16:09:25', '2#351776070111372#U7#10901a20f28ffa9c1e47edfefae5895d#2#2017-02-09 16:09:23#-6.8162633333333345#107.13218#10.0'),
	(8, '2017-02-09 16:10:29', '2#862238033708762#U1#2dd0bfe2ebca0cb66bc58ebfd4ef0e38#2#2017-02-09 16:10:25#-6.2646799#106.95811547#3.0'),
	(9, '2017-02-09 16:13:28', '2#864918021298649#U45#5bb51fa1ffa8193a90612839db8f2863#2#2017-02-09 16:13:11#-6.91654908#107.65590182#41.0'),
	(10, '2017-02-09 16:15:08', '2#357979071477016#U1#2dd0bfe2ebca0cb66bc58ebfd4ef0e38#2#2017-02-09 16:15:06#null'),
	(11, '2017-02-09 16:15:33', '2#357700063825339#U2#f514fafc5da8243e42ed79df0eab801e#2#2017-02-09 16:15:32#null'),
	(12, '2017-02-09 16:16:58', '2#353516078977954#U46#746c0b4b4c6f2f566a37c87309e7b438#2#2017-02-09 16:16:38#-6.31699805#106.76911987#27.0'),
	(13, '2017-02-09 16:18:43', '2#351528060925687#U36#c7614712a5667ca350c8e78bc85f598d#2#2017-02-09 16:18:41#-7.0097693#107.5507192#33.0'),
	(14, '2017-02-09 16:18:50', '2#351528060925687#request#report#2minggu#5#6#7#8#'),
	(15, '2017-02-09 16:19:51', '2#357909069168707#U36#c7614712a5667ca350c8e78bc85f598d#2#2017-02-09 16:19:49#-7.009615#107.55135#10.3'),
	(16, '2017-02-09 16:21:50', '2#354826070931860#U47#50b16d0b5e1394e6aa875510510cb334#2#2017-02-09 16:21:49#null'),
	(17, '2017-02-09 16:23:12', '2#356412077721279#U23#6aaa3190ff7605ab1e21acf5ee534f76#2#2017-02-09 16:23:10#-6.238774896268091#107.00060033686793#192.0'),
	(18, '2017-02-09 16:27:38', '2#355998061990848#U8#82bff213c51e744f2e8b37b645003773#2#2017-02-09 16:27:35#-6.266660799029039#107.24598657292377#16.0'),
	(19, '2017-02-09 16:30:22', '2#354665061058915#U6#84225a9e8f1e10006d3d4e0cbfcd620d#2#2017-02-09 16:30:20#-6.20553055#107.02763233#41.0'),
	(20, '2017-02-09 16:30:23', '2#357909069168707#request#report#2minggu#5#6#7#8#'),
	(21, '2017-02-09 16:31:34', '2#869631021971587#U23#6aaa3190ff7605ab1e21acf5ee534f76#2#2017-02-09 16:31:32#-6.238200000000001#107.00110166666667#4.6'),
	(22, '2017-02-09 16:31:59', '2#358631060984077#U8#82bff213c51e744f2e8b37b645003773#2#2017-02-09 16:31:45#null'),
	(23, '2017-02-09 16:35:06', '2#357379051680582#U23#6aaa3190ff7605ab1e21acf5ee534f76#2#2017-02-09 16:35:05#null'),
	(24, '2017-02-09 16:35:10', '2#357379051680582#request#report#2minggu#5#6#7#8#'),
	(25, '2017-02-09 16:35:22', '2#355971062264851#U23#6aaa3190ff7605ab1e21acf5ee534f76#2#2017-02-09 16:35:21#null'),
	(26, '2017-02-09 16:40:06', '2#359897062590795#U23#6aaa3190ff7605ab1e21acf5ee534f76#2#2017-02-09 16:39:58#null'),
	(27, '2017-02-09 16:40:18', '2#359897062590795#request#report#2minggu#5#6#7#8#'),
	(28, '2017-02-09 16:45:03', '2#862756033111901#U23#6aaa3190ff7605ab1e21acf5ee534f76#2#2017-02-09 16:45:02#null'),
	(29, '2017-02-09 16:45:07', '2#867124029968559#U42#0ac13d58e0590dabc07be7a5744b88e3#2#2017-02-09 16:45:06#-6.279817652042564#106.74099801250188#715.1'),
	(30, '2017-02-09 16:45:10', '2#862756033111901#request#report#2minggu#5#6#7#8#'),
	(31, '2017-02-09 17:05:06', '2#353086069359489#U42#0ac13d58e0590dabc07be7a5744b88e3#2#2017-02-09 17:05:03#-6.30859008767479#106.75237916485816#8.0'),
	(32, '2017-02-09 17:07:42', '2#865234020376678#U15#8f7af41bf9379a6af8201558b635a64b#2#2017-02-09 17:07:40#null'),
	(33, '2017-02-09 17:07:47', '2#358062073700476#U15#8f7af41bf9379a6af8201558b635a64b#2#2017-02-09 17:07:45#null'),
	(34, '2017-02-09 17:10:13', '2#865622028773237#U1#2dd0bfe2ebca0cb66bc58ebfd4ef0e38#2#2017-02-09 17:10:11#-6.29217472#106.84841534#9.0'),
	(35, '2017-02-09 18:02:49', '2#357033060092459#U1#2dd0bfe2ebca0cb66bc58ebfd4ef0e38#2#2017-02-09 18:02:47#-6.259540737698339#107.12511903053841#3968.5'),
	(36, '2017-02-09 18:19:06', '2#357099051459866#U1#2dd0bfe2ebca0cb66bc58ebfd4ef0e38#2#2017-02-09 18:18:19#-6.2594091#107.1247905#37.5'),
	(37, '2017-02-09 18:24:36', '2#358916052737249#U27#4850579dd0147c886caae009e608f0cc#2#2017-02-09 18:24:30#null'),
	(38, '2017-02-09 18:48:07', '2#865556028169410#U1#2dd0bfe2ebca0cb66bc58ebfd4ef0e38#2#2017-02-09 18:48:05#-6.255414999999999#107.12782833333334#23.2'),
	(39, '2017-02-09 19:04:24', '2#868851021895716#request#report#2minggu#5#6#7#8#'),
	(40, '2017-02-09 19:04:59', '2#868851021895716#U22#819546e1307ad542273e73dc74a582b9#2#2017-02-09 19:04:57#null'),
	(41, '2017-02-09 19:05:12', '2#353516076508876#U22#819546e1307ad542273e73dc74a582b9#2#2017-02-09 19:05:14#-6.19878809#106.90448127#22.0'),
	(42, '2017-02-09 19:07:08', '2#359443065813080#request#report#2minggu#5#6#7#8#'),
	(43, '2017-02-09 20:00:01', '2#359443065813080#U30#5a32161f3cc2da207fdf2529466480c1#2#2017-02-09 19:59:58#-6.32801791#106.8252196#15.0'),
	(44, '2017-02-09 20:00:07', '2#359443065813080#request#report#2minggu#5#6#7#8#'),
	(45, '2017-02-09 20:07:42', '2#359443065813080#request#report#2minggu#5#6#7#8#'),
	(46, '2017-02-09 20:08:54', '2#359443065813080#request#report#2minggu#5#6#7#8#'),
	(47, '2017-02-09 20:09:22', '2#356835054288468#U30#5a32161f3cc2da207fdf2529466480c1#2#2017-02-09 20:09:21#-6.286967079472727#106.82835163586897#300.0'),
	(48, '2017-02-09 20:10:18', '2#356835054288468#request#report#2minggu#5#6#7#8#'),
	(49, '2017-02-09 07:55:09', '2#A100003B8FA3EA0#U31#255e609ed758b41566d031f8db6199f6#1#2017-02-09 07:55:09#null'),
	(50, '2017-02-09 07:55:21', '2#862305033823915#U34#2753a9bb8649b40b0958d975dd31cbbe#1#2017-02-09 07:55:21#-6.35709037#106.88172893#12.0'),
	(51, '2017-02-09 07:55:30', '2#359443066704668#U3#07f5cf5e9ee30d523ad4d645e71c768c#1#2017-02-09 07:55:25#-6.22964899#106.6409556#10.0'),
	(52, '2017-02-09 07:55:32', '2#359443065813080#U30#b2c1b14e1c8ce16378dd3d640e5e8ab1#1#2017-02-09 07:55:29#-6.32786144#106.82502849#12.0'),
	(53, '2017-02-09 07:55:34', '2#354665061058915#U6#2189f81604f8f423804ab8cd496b94c2#1#2017-02-09 07:55:33#-6.20553055#107.02763233#41.0'),
	(54, '2017-02-09 07:55:48', '2#359443066704668#request#report#2minggu#5#6#7#8#'),
	(55, '2017-02-09 07:55:50', '2#865556028169410#U1#1108e75a26deeda43c459186ada80b39#1#2017-02-09 07:55:49#null'),
	(56, '2017-02-09 07:55:52', '2#863285039066983#U4#a9afe7ffd6e532175efe5ee849392577#1#2017-02-09 07:55:52#-6.25715148#107.08191557#5.0'),
	(57, '2017-02-09 07:55:57', '2#866400024385481#U17#3065060b29d0fd582cf656c64861cf0b#1#2017-02-09 07:56:35#-6.225698544220281#106.93141563792771#7614.7'),
	(58, '2017-02-09 07:56:12', '2#357202072177927#U4#a9afe7ffd6e532175efe5ee849392577#1#2017-02-09 07:56:11#-6.26051742#107.05381351#56.0'),
	(59, '2017-02-09 07:56:50', '2#862354034407054#U41#906f0f399f3dae4f5ab41af0eb66fcdb#1#2017-02-09 07:56:49#-6.932989032939076#109.1449799761176#9345.6'),
	(60, '2017-02-09 07:56:50', '2#869055025813423#U12#c753629cd7d4784095fd4ef66be46a5b#1#2017-02-09 07:57:27#null'),
	(61, '2017-02-09 07:56:59', '2#353771068268035#U5#99e7aeb6d8a401e6b191393b77b88954#1#2017-02-09 07:56:59#null'),
	(62, '2017-02-09 07:59:55', '2#351528060925687#U36#917c59dba3a813336d4c8b9c599552e2#1#2017-02-09 07:59:51#-7.0098281#107.5507127#34.5'),
	(63, '2017-02-09 08:00:51', '2#351528060925687#request#report#2minggu#5#6#7#8#'),
	(64, '2017-02-09 08:00:53', '2#353516078977954#U46#1824a23328b11f2ff8a74a347039e924#1#2017-02-09 08:00:52#-6.31585714#106.76876275#19.0'),
	(65, '2017-02-09 08:05:07', '2#863441031259072#U48#07a3897a7810ebdc266cfe2f207e18bc#1#2017-02-09 08:05:05#-6.27133826#107.11171293#3.0'),
	(66, '2017-02-09 08:06:43', '2#353086069359489#U42#8b5911d7d1b0c33d444ffa8efff29eb6#1#2017-02-09 08:06:48#-6.30859008767479#106.75237916485816#8.0'),
	(67, '2017-02-09 08:13:38', '2#865234020376678#U15#fc0e7a5de670679635bbe0198bace8a5#1#2017-02-09 08:13:33#null'),
	(68, '2017-02-09 08:14:45', '2#357033060092459#request#report#2minggu#5#6#7#8#'),
	(69, '2017-02-09 08:16:41', '2#865234020376678#request#report#2minggu#5#6#7#8#'),
	(70, '2017-02-09 08:18:54', '2#357033060092459#U1#1108e75a26deeda43c459186ada80b39#1#2017-02-09 08:18:53#-6.259058105681549#107.12512441548691#1.0'),
	(71, '2017-02-09 08:18:59', '2#357033060092459#request#report#2minggu#5#6#7#8#'),
	(72, '2017-02-09 08:34:25', '2#358062073700476#U15#fc0e7a5de670679635bbe0198bace8a5#1#2017-02-09 08:34:17#-6.924909#107.62758996#9.0'),
	(73, '2017-02-09 08:41:17', '2#357202072177927#request#report#2minggu#5#6#7#8#'),
	(74, '2017-02-09 08:45:59', '2#352700061742192#U26#c303acabbac15d5e1acb612b35d5f31a#1#2017-02-09 08:45:54#null'),
	(75, '2017-02-09 16:00:15', '2#869055025813423#U12#81c2269ebe9966067bd901452a26b176#2#2017-02-09 16:00:51#null'),
	(76, '2017-02-09 16:00:16', '2#359443066704668#U3#80a99965a3df941c67097be947c9faf0#2#2017-02-09 16:00:13#-6.22964899#106.6409556#10.0'),
	(77, '2017-02-09 16:00:27', '2#356879065862564#U44#db74b2088d74bfe6eae77a5349a2928c#2#2017-02-09 16:00:17#-6.912125579581004#109.66040151883513#12.0'),
	(78, '2017-02-09 16:00:34', '2#867634020593065#U50#cd16a9092c14a0969f254c1cdef5fc4b#2#2017-02-09 16:00:33#-7.95933725#112.64303822#176.0'),
	(79, '2017-02-09 16:00:44', '2#354232071003090#U31#d4bd920f5632fcbcf5f25b3b741271cd#2#2017-02-09 16:00:42#-6.951106666666668#107.77202166666666#20.0'),
	(80, '2017-02-09 16:01:00', '2#862973035280366#U32#9a4bb35aae46be8ee6d9b60454593c63#2#2017-02-09 16:00:59#-6.73143312#108.55670901#29.0'),
	(81, '2017-02-09 16:01:29', '2#866400024385481#U17#ff7e8b4fd632e0fc5d306640e2c438ea#2#2017-02-09 16:02:06#-6.225698544220281#106.93141563792771#7614.7'),
	(82, '2017-02-09 16:01:39', '2#355121012313594#U17#ff7e8b4fd632e0fc5d306640e2c438ea#2#2017-02-09 16:01:36#-6.212851666666667#106.89877#3.9'),
	(83, '2017-02-09 16:01:42', '2#863441031259072#U48#ba817a6065aaaaa976d5c839570f0e43#2#2017-02-09 16:01:42#-6.27133826#107.11171293#3.0'),
	(84, '2017-02-09 16:02:01', '2#866038025562052#U48#ba817a6065aaaaa976d5c839570f0e43#2#2017-02-09 16:01:58#null'),
	(85, '2017-02-09 16:02:18', '2#867371020972839#U12#81c2269ebe9966067bd901452a26b176#2#2017-02-09 16:02:18#null'),
	(86, '2017-02-09 16:02:52', '2#862354034407054#U41#14a9d9d0247600c7e2b97dddfb2ff9bf#2#2017-02-09 16:02:45#-6.8690280290320525#109.1299133375287#9353.3'),
	(87, '2017-02-09 16:02:53', '2#862305033823915#U34#c9e7c45f4ab8dec27655318589daa721#2#2017-02-09 16:02:38#null'),
	(88, '2017-02-09 16:03:01', '2#351651060182305#U49#e6138757c0c1fb97b3f71592e6f02d7d#2#2017-02-09 16:02:58#null'),
	(89, '2017-02-09 16:03:14', '2#359869063285667#U20#5fa2e27ffb7d7a6806bd7dc76da4b01b#2#2017-02-09 16:03:06#null'),
	(90, '2017-02-09 16:03:43', '2#351928085079983#U40#30a490d3e1eaddfe97e1bbf67d43c313#2#2017-02-09 16:03:42#-6.5350600000000005#107.44291#13.5'),
	(91, '2017-02-09 16:04:06', '2#354921072375222#U10#35a839e45b749d056719540c24848bf2#2#2017-02-09 16:04:04#-7.326817106187049#108.21948672133496#48.0'),
	(92, '2017-02-09 16:04:42', '2#357453060439932#U23#6aaa3190ff7605ab1e21acf5ee534f76#2#2017-02-09 16:04:32#null'),
	(93, '2017-02-09 16:04:44', '2#352700061742192#U26#3658e0ee386eddde1b93083a8abc4978#2#2017-02-09 16:04:09#null'),
	(94, '2017-02-09 16:05:05', '2#358631066031345#U40#30a490d3e1eaddfe97e1bbf67d43c313#2#2017-02-09 16:05:05#-6.53670762#107.4436689#30.0'),
	(95, '2017-02-09 16:05:18', '2#358217042317584#U38#6172d7f4ec9d7a37467391361d92a0d6#2#2017-02-09 16:05:14#null'),
	(96, '2017-02-09 16:05:26', '2#866685024155997#U10#35a839e45b749d056719540c24848bf2#2#2017-02-09 16:05:25#-7.324721666666666#108.22014833333333#13.6'),
	(97, '2017-02-09 16:05:32', '2#866685024155997#request#report#2minggu#5#6#7#8#'),
	(98, '2017-02-09 16:06:49', '2#865623026879968#U32#9a4bb35aae46be8ee6d9b60454593c63#2#2017-02-09 16:06:46#-6.731348333333333#108.55753333333332#5.5'),
	(99, '2017-02-09 16:07:10', '2#359999065504607#U37#13ead39705e3199f3b03a62f35fb4dd8#2#2017-02-09 16:07:10#-6.995748231393819#110.40578204482998#64.0');
/*!40000 ALTER TABLE `netlog` ENABLE KEYS */;

-- Dumping structure for table rumatcoi_absendroid.note_perawat
CREATE TABLE IF NOT EXISTS `note_perawat` (
  `id` int(11) unsigned NOT NULL AUTO_INCREMENT,
  `id_perusahaan` int(11) NOT NULL,
  `id_pasien` int(11) NOT NULL,
  `id_perawatan` int(11) NOT NULL,
  `tanggal` date NOT NULL,
  `notes` text NOT NULL,
  `created_by` int(11) NOT NULL,
  `date_created` timestamp NOT NULL DEFAULT CURRENT_TIMESTAMP,
  PRIMARY KEY (`id`),
  KEY `id_perusahaan` (`id_perusahaan`),
  KEY `id_pasien` (`id_pasien`),
  KEY `id_perawatan` (`id_perawatan`),
  KEY `tanggal` (`tanggal`)
) ENGINE=MyISAM DEFAULT CHARSET=latin1;

-- Dumping data for table rumatcoi_absendroid.note_perawat: 0 rows
/*!40000 ALTER TABLE `note_perawat` DISABLE KEYS */;
/*!40000 ALTER TABLE `note_perawat` ENABLE KEYS */;

-- Dumping structure for table rumatcoi_absendroid.pegawai
CREATE TABLE IF NOT EXISTS `pegawai` (
  `id` int(11) unsigned NOT NULL AUTO_INCREMENT,
  `perusahaan_id` int(11) NOT NULL,
  `nama` varchar(54) NOT NULL DEFAULT '',
  `email` varchar(99) DEFAULT NULL,
  `alamat` varchar(189) DEFAULT NULL,
  `tgl_lahir` date NOT NULL,
  `telp` varchar(18) DEFAULT NULL,
  `imei` varchar(27) NOT NULL COMMENT 'id log android',
  `log` timestamp NOT NULL DEFAULT CURRENT_TIMESTAMP,
  `user_id` int(11) NOT NULL COMMENT 'userId entry pegawai',
  `status` char(1) DEFAULT '1' COMMENT '1=Aktif; 0=Inaktif;',
  `keterangan` varchar(234) DEFAULT NULL COMMENT 'keterangan bila diperlukan',
  `nik` varchar(50) DEFAULT NULL,
  `jabatan` varchar(50) DEFAULT NULL,
  PRIMARY KEY (`id`)
) ENGINE=InnoDB AUTO_INCREMENT=101 DEFAULT CHARSET=latin1;

-- Dumping data for table rumatcoi_absendroid.pegawai: ~88 rows (approximately)
/*!40000 ALTER TABLE `pegawai` DISABLE KEYS */;
INSERT INTO `pegawai` (`id`, `perusahaan_id`, `nama`, `email`, `alamat`, `tgl_lahir`, `telp`, `imei`, `log`, `user_id`, `status`, `keterangan`, `nik`, `jabatan`) VALUES
	(7, 1, 'Fakhrudin', 'Fakhrudin.Rumat@gmail.com', 'Bekasi', '1971-03-16', '0816878010', '355098069820814', '2015-12-16 10:43:53', 1, '1', 'Manager', NULL, NULL),
	(8, 1, 'RendraTesting', 'rendra.hmd@gmail.com', 'malang', '1979-02-25', '0823354052399', '358068489405215', '2015-12-16 10:43:46', 1, '1', 'testing app', NULL, NULL),
	(9, 1, 'Andry agus setiadi', 'andry.rumat@gmail.com', 'cikarang, bekasi', '1990-02-02', '081908852277', '357033060092459', '2016-11-21 17:19:18', 8, '1', '357033060193455', '0000', '0000'),
	(10, 1, 'Maratush Sholihah', 'lia.rumat@gmail.com', 'tambun, bekasi', '2015-12-01', '085793359433', '868209029483300', '2015-12-17 09:00:19', 1, '1', 'aktif', NULL, NULL),
	(11, 1, 'Clarisa Anggun Alfina', 'risa.rumat@gmail.com', 'mustika jaya, bekasi', '2015-12-01', '081290414737', '356420062310586', '2016-04-19 08:16:04', 8, '1', 'aktif', '0000', '0000'),
	(12, 1, 'Faozan Adzima', 'faozan.rumat@gmail.com', 'tambun, bekasi', '2015-12-01', '085320002020', '865556028169410', '2015-12-17 09:02:21', 1, '1', 'aktif', NULL, NULL),
	(13, 1, 'Melia wasni', 'melia.rumat@gmail.com', NULL, '2015-12-01', '08110010038', '357870069431901', '2015-12-17 11:52:14', 8, '1', 'aktif', '0000', '0000'),
	(14, 23, 'Abdul anan', 'anan.rumat@gmail.com', NULL, '2015-12-01', '081282323098', '357453060439932', '2015-12-21 14:58:35', 8, '1', '', '0000', '0000'),
	(15, 48, 'Sucipto', 'cipto.rumat@gmail.com', NULL, '2015-12-01', '08129144840', '863441031259072', '2017-01-20 16:17:25', 8, '1', '868087029284112', '0000', '0000'),
	(16, 30, 'Hasriani', 'ani.rumat@gmail.com', NULL, '2015-12-01', '085343637656', '356835054288468', '2016-03-02 12:47:59', 8, '1', '', '0000', '0000'),
	(17, 7, 'Idris', 'idris.rumat@gmail.com', NULL, '2015-12-01', '085343668165', '351776070111372', '2016-01-07 14:39:53', 1, '1', '', '0000', '0000'),
	(18, 10, 'Maudy Melissa', 'maudy.rumat@gmail.com', NULL, '2015-12-01', '082240585559', '351528060925687', '2016-09-30 17:25:51', 8, '1', '', '0000', '0000'),
	(19, 10, 'Iin Syarofah', 'iin.rumat@gmail.com', NULL, '2015-12-01', '089624018886', '866685024155997', '2016-03-29 15:16:26', 1, '1', '', '0000', '0000'),
	(20, 40, 'Rizka Yuliyanti Rahayu', 'rizka.rumat@gmail.com', NULL, '2015-12-01', '085641272755', '358631066031345', '2016-09-28 17:03:48', 8, '1', '', '0000', '0000'),
	(21, 5, 'Riska Titis Andriyani', 'titis.rumat@gmail.com', NULL, '2015-12-01', '085642753906', '357638051678692', '2016-01-20 09:11:33', 1, '1', '', '0000', '0000'),
	(23, 35, 'Nurul Chairini', 'nurul.rumat@gmail.com', NULL, '2015-12-01', '???085781705701', '354826070931860', '2016-09-28 16:57:59', 8, '1', '', '0000', '0000'),
	(24, 31, 'Andri Handayani', 'andri.rumat@gmail.com', NULL, '2015-12-01', '0888803930298', 'a100003b8fa3ea0', '2016-03-03 08:50:38', 1, '1', '', '0000', '0000'),
	(25, 29, 'Kartika Nurindah Prasetyanti', 'kartika.rumat@gmail.com', NULL, '2015-12-01', '085655716300', '867634020593065', '2016-02-18 12:10:42', 8, '1', '', '0000', '0000'),
	(26, 1, 'Eka Putri Yulianti', 'eka.rumat@gmail.com', NULL, '2015-12-01', '085751725726', '357979071477016', '2017-01-09 17:26:21', 8, '1', '356293061522067', '0000', '0000'),
	(27, 23, 'Risma Nurmayanti', 'risma.rumat@gmail.com', NULL, '2015-12-01', '087829304848', '356876056357844', '2015-12-22 13:42:45', 8, '1', '', '0000', '0000'),
	(28, 12, 'Rahmi Hayati', 'rahmi.rumat@gmail.com', NULL, '2015-12-01', '081277049600', '351651060182305', '2016-09-28 16:58:36', 8, '1', '', '0000', '0000'),
	(29, 12, 'Nurpuspita Kusumawati', 'puspita@gmail.com', NULL, '2017-02-26', '08993194267', '867371020972839', '2017-02-07 09:41:59', 8, '1', '86737102972847', '0000', '0000'),
	(31, 12, 'Annisa Rahmawati', 'annisa.rumat@gmail.com', NULL, '2015-12-01', '085772305875', '869055025813423', '2016-09-28 17:06:11', 8, '1', '', '0000', '0000'),
	(32, 6, 'Krisna Wijaya Kusuma', 'krisna.rumat@gmail.com', NULL, '2015-12-01', '081218448800', '354665061058915', '2016-04-22 11:22:25', 8, '1', '', '0000', '0000'),
	(33, 16, 'Dian Wuri Sambhara', 'dian.rumat@gmail.com', NULL, '2015-12-01', '085643077287', '352923060971584', '2016-09-28 17:03:05', 8, '1', '', '0000', '0000'),
	(34, 1, 'Eddy Supriadi', 'eddy.ruma@gmail.com', NULL, '2015-12-01', '081384607582', '865622028773237', '2015-12-23 14:15:48', 8, '1', '', '0000', '0000'),
	(36, 38, 'Nurussafitri Laila Anawati', 'safitri.rumat@gmail.com', NULL, '2015-12-01', '085715592507', '358217042317584', '2016-09-28 17:00:05', 8, '1', '', '0000', '0000'),
	(37, 4, 'Nurhayati', 'nur.rumat@gmail.com', NULL, '2015-12-01', '082114134724', '356412077721279', '2016-09-30 15:24:19', 8, '1', '', '0000', '0000'),
	(38, 23, 'Nila Rokhmawati', 'nila.rumat@gmail.com', NULL, '2015-12-01', '081329995560', '356879065862564', '2016-09-28 17:02:34', 8, '1', '', '0000', '0000'),
	(39, 23, 'Abi Sufyan Harits', 'abi.rumat@gmail.com', NULL, '2015-12-01', '085641605560', '867622027554305', '2016-09-28 17:01:13', 8, '1', '', '0000', '0000'),
	(40, 37, 'Feri Fadli', 'feri.rumat@gmail.com', NULL, '2015-12-01', '081290003033', '354665061012441', '2016-07-28 08:37:25', 8, '1', '', '0000', '0000'),
	(41, 15, 'Putry Khusnul', 'putry.rumat@gmail.com', NULL, '2015-12-01', '085239646776', '356876059106495', '2016-01-07 10:36:37', 1, '1', '', '0000', '0000'),
	(42, 41, 'Nur Azizah', 'izzah.rumat@gmail.com', NULL, '2015-12-01', '085742964692', '862354034407054', '2016-12-23 14:29:13', 8, '1', '', '0000', '0000'),
	(43, 23, 'Ani Aryanti', 'ani@gjg.com', NULL, '2016-08-16', '08966767577468', '862756033111901', '2016-11-16 12:09:10', 8, '1', '862756033111919', '0000', '0000'),
	(45, 27, 'Hermawan Setiadi', 'hermawan.rumat@gmail.com', NULL, '2015-12-01', '089632005008', '358916052737249', '2016-01-07 10:45:46', 1, '1', '', '0000', '0000'),
	(46, 5, 'Farida Niswati', 'farida.rumat@gmail.com', NULL, '2015-12-01', '085727326524', '353771068268035', '2016-11-01 09:43:22', 8, '1', '353771068268027', '0000', '0000'),
	(47, 22, 'Padri Setiawan', 'padri.rumat@gmail.com', NULL, '2016-01-01', '081567651444', '862238033708762', '2017-01-17 18:51:13', 8, '1', '862238033708770', '0000', '0000'),
	(49, 2, 'Asrul', 'asrul.rumat@gmail.com', NULL, '2016-01-01', '085777445206', '357700063825339', '2016-02-10 11:25:07', 1, '1', '', '0000', '0000'),
	(50, 34, 'Fahmita A\'yuni', 'fahmita.rumat@gmail.com', NULL, '2016-01-01', '085217942462', '862305033823915', '2016-11-02 16:17:05', 8, '1', '862305033823915', '0000', '0000'),
	(51, 17, 'Niimma Nurazizah', 'niimma.rumat@gmail.com', NULL, '2016-01-01', '085727300519', '869631021971587', '2016-06-15 15:10:22', 8, '1', '', '0000', '0000'),
	(52, 5, 'Pindri', 'pindri.rumat@gmail.com', NULL, '2016-01-01', '085727014462', '353516078977954', '2016-09-28 17:00:45', 8, '1', '', '0000', '0000'),
	(53, 24, 'Anugrah Agung', 'agung.rumat@gmail.com', NULL, '2016-01-01', '081384329857', '354314050798930', '2016-01-07 10:38:54', 1, '1', '', '0000', '0000'),
	(54, 42, 'Rani Soraya Wasimatunisa', 'rani.rumat@gmail.com', NULL, '2016-01-01', '085540927729', '867124029968559', '2016-09-29 08:27:44', 8, '1', '', '0000', '0000'),
	(55, 26, 'Nuri Dwi Jayanti', 'nuri.rumat@gmail.com', NULL, '2016-01-01', '081213352927', '352700061742192', '2016-01-07 10:16:08', 1, '1', '', '0000', '0000'),
	(56, 17, 'lia nuramalia', 'amalia.rumat@gmail.com', NULL, '2016-08-15', '089678005906', '866400024385481', '2016-08-18 08:23:38', 8, '1', '', '0000', '0000'),
	(57, 39, 'Sri Mulyani', 'sri.rumat@gmail.com', NULL, '2016-01-01', '085715020023', '352414064122341', '2016-09-28 16:57:32', 8, '1', '', '0000', '0000'),
	(58, 8, 'Abi Nugroho', 'abinugroho.rumat@gmail.com', NULL, '2016-01-19', '08111766626', '355998061990848', '2016-08-15 09:11:06', 8, '1', '', '000', '00'),
	(59, 23, 'Yoga Teguh Guntara', 'yogateguhguntara@gmail.com', NULL, '2016-02-14', '085714536223', '354855067402809', '2016-02-17 09:13:29', 1, '1', 'Bekasi', '0000', '0000'),
	(60, 8, 'Awalia Bella Rizki Pratiwi', 'awaliabella@gmail.com', NULL, '2016-02-14', '089634374003', '358916020106154', '2016-02-17 09:15:12', 1, '1', 'karawang', '0000', '0000'),
	(61, 32, 'Adelina Vidya Ardiyati', 'avidya16@gmail.com', NULL, '2016-02-14', '081213674094', '868573020867898', '2016-09-28 17:01:41', 8, '1', '', '0000', '0000'),
	(62, 32, 'Septiana', 'tianagina92@gmail.com', NULL, '2016-02-14', '087829706216', '863069033078891', '2016-12-29 09:19:19', 8, '1', '863069033078891/83', '0000', '0000'),
	(63, 12, 'Ratna Zakia Hasmy', 'ratnazakia@gmail.com', NULL, '2016-02-14', '08998113164', '354599060617696', '2016-02-17 16:19:56', 8, '1', '', '0000', '0000'),
	(64, 23, 'Rizkinuary Hidayah', 'rizkinuaryhidayah@gmail.com', NULL, '2016-02-14', '082227584562', '353263060093561', '2016-03-10 09:12:21', 1, '1', '', '0000', '0000'),
	(65, 18, 'Fadhila Nurul Hastuti', 'fadhila.rumat@gmail.com', NULL, '2016-02-28', '085714277466', '359869063285667', '2016-02-25 11:56:55', 8, '1', '', '0000', '0000'),
	(66, 23, 'Lisa Andriyani', 'lisa.rumat@gmail.com', NULL, '2016-03-06', '087885532793', '355121012313594', '2016-09-29 08:45:55', 8, '1', '', '0000', '0000'),
	(67, 22, 'Millati Atmami', 'milla.rumat@gmail.com', NULL, '2016-03-21', '08571933471', '353516076508876', '2016-09-29 08:28:13', 8, '1', '', '0000', '0000'),
	(68, 1, 'Karmen', 'karmen.rumat@gmail.com', NULL, '2016-04-30', '000000000000', '355240077841685', '2016-07-03 15:02:35', 8, '1', '', '0000', '0000'),
	(70, 23, 'Ahmad Hifni Bik', 'hifni.rumat@gmail.com', NULL, '2016-08-12', '08561646938', '862973035280366', '2016-10-20 10:29:22', 8, '1', '862973035280374', '0000', '0000'),
	(71, 23, 'Dessy Restu Islamia Elly', 'dessy.rumat@gmail.com', NULL, '2016-08-15', '000000000000', '359999065504607', '2016-09-29 09:53:39', 8, '1', '', '0000', '0000'),
	(72, 30, 'Kartikaweni Juliansari', 'weni.rumat@gmail.com', NULL, '2016-08-15', '00000000', '359443065813080', '2016-09-16 08:33:37', 8, '1', '359443065813098', '000000', '00000'),
	(73, 1, 'silvia', 'ashja@cnjksd.com', NULL, '2016-08-15', '085700829833', '352846070856810', '2016-09-28 17:12:18', 8, '0', '', '0000', '0000'),
	(74, 36, 'Wahyu Wijayanti', 'wahyu.rumat@gmail.com', NULL, '2016-08-16', '000000000000', '355998063184267', '2017-01-25 14:32:45', 8, '1', '351528079521709', '0000', '0000'),
	(75, 23, 'Yesi Gustiani', 'yesi.rumat@gmail.com', NULL, '2016-08-28', '08118823600', '357202072177927', '2016-10-04 09:42:23', 8, '1', '357203072177925', '0000', '0000'),
	(76, 22, 'Iis Saraswati', 'iiss.rumat@gmail.com', NULL, '2016-09-01', '083872750388/08591', '868851021895716', '2016-09-01 08:18:12', 8, '1', '868851021895724', '0000', '0000'),
	(77, 1, 'Rasuna Febrianti', 'una.rumat@gmail.com', NULL, '2016-09-27', '0000', '357099051459866', '2016-12-03 09:33:06', 8, '1', '357126051459867', '0000', '0000'),
	(78, 1, 'imam', 'imam.rumat@gmail com', NULL, '2016-10-19', '000000', '3523240622550', '2016-10-03 09:45:27', 8, '1', '', '00000', '0000000'),
	(79, 15, 'Nur Fadlah', 'fadlah.rumat@gmail.com', NULL, '2016-10-01', '085376195787', '865234020376678', '2016-10-05 09:21:23', 8, '1', '865234020376686', '0000', '0000'),
	(80, 36, 'Hilma Nurjannah', 'hilma.rumat@gmail.com', NULL, '2016-10-01', '083825191042', '864918021298649', '2016-10-06 10:24:24', 8, '1', '864918021400641', '0000', '0000'),
	(81, 36, 'Nur Ainiyah', 'ainiyah.rumar@gmail.com', NULL, '2016-10-01', '089622745431', '358062073700476', '2016-11-08 10:29:01', 8, '1', '355241070404554, 863963022132885,863963022732882', '0000', '0000'),
	(82, 40, 'Dewi Yulia Fatonah', 'dewi.rumat@gmail.com', NULL, '2016-10-01', '085294437244', '354232071003090', '2017-01-16 16:32:07', 9, '1', '354232071003108', '0000', '0000'),
	(83, 40, 'Dini Yulia', 'dini.rumar@gmail.com', NULL, '2016-10-01', '082126588557', '351928085079983', '2016-12-21 13:37:52', 8, '1', '', '0000', '0000'),
	(84, 38, 'Sri Mulyaningsih', 'sri.rumat@gmail.com', NULL, '2016-10-01', '085642817101', '358800300219855', '2016-10-04 10:57:23', 8, '1', '', '0000', '0000'),
	(85, 5, 'Siti Nurul Aini', 'siti.rumat@gmail.com', NULL, '2016-10-01', '08999995625', '359443066704668', '2016-10-04 10:58:38', 8, '1', '', '0000', '0000'),
	(86, 10, 'Asti Nurhalimah', 'asti.arumat@gmail.com', NULL, '2016-10-09', '082240564090', '354921072375222', '2016-10-10 16:33:09', 8, '1', '354921072375220', '0000', '0000'),
	(87, 23, 'Mona Eriawati', 'mona.rumat@gmail.com', NULL, '2017-01-03', '085716104731', '359897062590795', '2017-01-03 11:07:00', 8, '1', '', '0000', '0000'),
	(88, 23, 'DIan Chintia Pratiwi', 'diancp.rumat@gmail.com', NULL, '2017-01-01', '081384109301', '357379051680582', '2017-01-03 11:46:27', 8, '1', '', '00', '00'),
	(89, 23, 'Nurhamidah Rangkuti', 'nurhamidah.rumat@gmail.com', NULL, '2017-01-04', '082114073720', '355971062264851', '2017-01-04 15:19:00', 8, '1', '355972062264859', '0000', '0000'),
	(90, 19, 'Tio Alamsyah Putra', 'tio.rumat@gmail.com', NULL, '2017-01-11', '083820123612', '357909069168707', '2017-01-11 10:44:09', 8, '1', '357909069168715', '0000', '0000'),
	(91, 32, 'Mutiara Rachmawati', 'mutiara.rumat@gmail.com', NULL, '2017-01-08', '087739313830', '865623026879968', '2017-01-11 17:35:47', 8, '1', '865623026879976', '0000', '0000'),
	(92, 5, 'Fitria Nur R', 'ajskljas@asbfkjsb.sjbk', NULL, '2017-01-30', '085641371653', '865676025010175', '2017-01-31 19:30:27', 8, '1', '/ 865676025010183', '0000', '0000'),
	(93, 38, 'Galuh Ayu Pravitasari', 'sshyavuj@kjbds.sjh', NULL, '2017-01-31', '085645960606', '868429003049311', '2017-01-31 19:31:44', 8, '1', '', '0000', '0000'),
	(94, 42, 'Hanik Fadilah', 'dg@gjv.bhj', NULL, '2017-01-30', '085692962202', '353086069359489', '2017-02-03 08:49:30', 8, '1', '353086069359497', '0000', '0000'),
	(95, 18, 'Hana Adilah', 'jhv@gjv.gxs', NULL, '2017-01-29', '085725402084', '353486070382944', '2017-02-01 10:03:06', 8, '1', '/ 353486070382951', '00', '00'),
	(96, 8, 'Indra Hadi Setiawan', 'tvjhb@ihgjhi.gh', NULL, '2017-01-30', '081578391527', '358631060984077', '2017-02-01 10:02:23', 8, '1', '/ 358632060984075', '0000', '0000'),
	(97, 39, 'Mutiara Ayu Hapsari', 'shdvj@jhv.scs', NULL, '2017-01-30', '085740454154', '359064070351880', '2017-02-01 10:17:39', 8, '1', '/ 35906470351898', '00', '00'),
	(98, 48, 'Rahmadia Dian Dhini', 'shbdb@jh.gh', NULL, '2017-01-30', '089678954024', '866038025562052', '2017-01-31 19:37:04', 8, '1', '/ 866038025562045', '0000', '0000'),
	(99, 3, 'Atika Widyanti', 'atika.rumat@gmail.com', NULL, '2017-02-01', '085718111230', '865622028668049', '2017-02-01 17:04:30', 8, '1', '', '0000', '0000'),
	(100, 23, 'Muhammad Handharbeni', 'mhandharbeni@gmail.com', NULL, '2017-03-08', '081556617741', '000000000000000', '2017-03-08 23:47:53', 8, '1', NULL, NULL, NULL);
/*!40000 ALTER TABLE `pegawai` ENABLE KEYS */;

-- Dumping structure for table rumatcoi_absendroid.pegawai2
CREATE TABLE IF NOT EXISTS `pegawai2` (
  `id` int(11) unsigned NOT NULL AUTO_INCREMENT,
  `id_unit` int(11) NOT NULL,
  `nama` varchar(200) NOT NULL DEFAULT '',
  `email` varchar(100) DEFAULT NULL,
  `alamat` varchar(200) DEFAULT NULL,
  `telp` varchar(100) DEFAULT NULL,
  `qrcode` varchar(200) NOT NULL,
  `macaddress` varchar(100) NOT NULL,
  `date_created` timestamp NOT NULL DEFAULT CURRENT_TIMESTAMP,
  `created_by` int(11) NOT NULL,
  PRIMARY KEY (`id`)
) ENGINE=MyISAM AUTO_INCREMENT=6 DEFAULT CHARSET=latin1;

-- Dumping data for table rumatcoi_absendroid.pegawai2: 1 rows
/*!40000 ALTER TABLE `pegawai2` DISABLE KEYS */;
INSERT INTO `pegawai2` (`id`, `id_unit`, `nama`, `email`, `alamat`, `telp`, `qrcode`, `macaddress`, `date_created`, `created_by`) VALUES
	(5, 1, 'john', NULL, NULL, NULL, '5/E8-9A-8F-5D-6F-33', 'E8-9A-8F-5D-6F-33', '2015-11-15 13:18:37', 1);
/*!40000 ALTER TABLE `pegawai2` ENABLE KEYS */;

-- Dumping structure for table rumatcoi_absendroid.perusahaan
CREATE TABLE IF NOT EXISTS `perusahaan` (
  `id` int(11) unsigned NOT NULL AUTO_INCREMENT,
  `kode` varchar(10) NOT NULL DEFAULT '',
  `nama` varchar(200) NOT NULL DEFAULT '',
  `alamat` text,
  `telp` varchar(200) DEFAULT NULL,
  `fax` varchar(200) DEFAULT NULL,
  `status_milik` varchar(100) DEFAULT NULL,
  `nisbah` decimal(20,0) NOT NULL DEFAULT '0',
  `status` char(1) NOT NULL DEFAULT '1' COMMENT '1=Aktif; 0=Pending;',
  `date_created` timestamp NOT NULL DEFAULT CURRENT_TIMESTAMP ON UPDATE CURRENT_TIMESTAMP,
  `created_by` int(11) NOT NULL,
  `latitude` float(11,8) DEFAULT NULL,
  `longitude` float(11,8) DEFAULT NULL,
  `jambuka` time DEFAULT NULL,
  `jamtutup` time DEFAULT NULL,
  `updated_on` timestamp NULL DEFAULT NULL,
  PRIMARY KEY (`id`),
  KEY `kode` (`kode`)
) ENGINE=MyISAM AUTO_INCREMENT=51 DEFAULT CHARSET=latin1;

-- Dumping data for table rumatcoi_absendroid.perusahaan: 48 rows
/*!40000 ALTER TABLE `perusahaan` DISABLE KEYS */;
INSERT INTO `perusahaan` (`id`, `kode`, `nama`, `alamat`, `telp`, `fax`, `status_milik`, `nisbah`, `status`, `date_created`, `created_by`, `latitude`, `longitude`, `jambuka`, `jamtutup`, `updated_on`) VALUES
	(1, 'RPI', 'Pusat', 'cikarang barat bekasi', '021 8910 6269', '', 'Milik', 0, '1', '2015-12-21 14:55:06', 8, -6.25941610, 107.10729980, '08:00:00', '16:00:00', '2015-12-21 14:55:06'),
	(2, 'PDG', 'Pondok Gede', 'Klinik &amp; Apotik Jati Makmur, Jl Jati Makmur No. 12 Pondok Gede, Bekasi', '082320004545', '', 'Milik', 0, '1', '2015-12-17 14:46:05', 8, -6.28440619, 106.91753387, '08:00:00', '16:00:00', NULL),
	(3, 'ALS', 'Alam Sutera', 'Apotik Bougenville, Jl. Boulevard Raya Graha Raya Bintaro no. 9', '08111888621', '', 'Milik', 0, '1', '2015-12-21 14:00:31', 8, -6.23326683, 106.68012238, '09:00:00', '17:00:00', '2015-12-21 14:00:31'),
	(4, 'TMB', 'Tambun', 'Apotik Husada Farma, Jl. Sultan Hasanuddin 72, Kab Bekasi', '0853 1000 8002', '021 8804337', 'Milik', 0, '1', '2015-12-17 14:52:03', 8, -6.26255512, 107.05413055, '08:00:00', '16:00:00', NULL),
	(5, 'PSG', 'Pesanggrahan', 'Apotik Sangrila, Jl. Ciledug Raya No. 10, Jakarta Selatan', '0853 1000 7667', '', 'Milik', 0, '1', '2015-12-17 14:53:43', 8, -6.23636913, 106.74746704, '08:00:00', '16:00:00', NULL),
	(6, 'HIN', 'Harpin', 'Jl. Harapan Indah Raya Blok EB-35, Bekasi, Jawa Barat 17131, Indonesia', '0822 800 800 48', '', 'Milik', 0, '1', '2015-12-17 14:56:10', 8, -6.18114090, 106.98078918, '08:00:00', '16:00:00', NULL),
	(7, 'CJR', 'Cianjur', 'Apotik Selakopi, Jl. Ir H Juanda No.75', '08111 7 666 25', '', 'Milik', 0, '1', '2015-12-18 09:37:45', 8, -6.81560326, 107.13288116, '08:00:00', '16:00:00', NULL),
	(8, 'KRW', 'Karawang', 'Apotik Cito, Jl Kertabumi No. 29', '08111 7 666 26', '', 'Milik', 0, '1', '2015-12-18 09:39:18', 8, -6.30886459, 107.29314423, '08:00:00', '16:00:00', NULL),
	(9, 'CTM', 'Citarum', 'Jalan citarum raya no 60 semarang', '', '', 'Milik', 0, '1', '2015-12-18 09:55:16', 8, -7.06877613, 110.41831970, '08:00:00', '16:00:00', NULL),
	(10, 'TMA', 'Tasikmalaya', 'Apotik Resik, Jl. Yudanegara No. 12 A', '0265 7201507', '', 'Milik', 0, '1', '2015-12-18 10:36:22', 8, -7.32683039, 108.21968079, '08:00:00', '16:00:00', NULL),
	(11, 'SOL', 'Solo', 'Apotek Kencana, jl. Yosodipuro no. 116 Banjarsari, Surakarta', '021 8910 0487', '', 'Milik', 0, '1', '2016-10-07 09:37:59', 8, -7.55963898, 110.81627655, '08:00:00', '16:00:00', '2016-10-07 09:37:59'),
	(12, 'CIB', 'Cibubur', 'Jl. Lapangan Tembak 17, Cibubur, Jakarta Timur', '0853 1000 7377', '', 'Milik', 0, '1', '2015-12-18 10:44:48', 8, -6.35199356, 106.88558197, '08:00:00', '16:00:00', NULL),
	(13, 'KMG', 'Kemanggisan', 'Apotik Gitamara, Jl. Kemanggisan Utama Raya No. 37 Jakarta Barat', '0853 1000 6090', '', 'Milik', 0, '1', '2015-12-18 11:10:38', 8, -6.18985319, 106.79062653, '08:00:00', '16:00:00', NULL),
	(14, 'BYM', 'Banyumanik', 'Jalan jati raya blok C no.1 banyumanik semarang', '', '', 'Milik', 0, '1', '2015-12-18 11:31:28', 8, -7.06949329, 110.41826630, '08:00:00', '16:00:00', NULL),
	(15, 'KIC', 'Kiara Condong', 'Jl Kiara Condong No. 399 Bandung', '', '', 'Milik', 0, '1', '2015-12-18 11:38:58', 8, -6.93567991, 107.64268494, '08:00:00', '16:00:00', NULL),
	(16, 'JAN', 'Janti DIY', 'HBP Clinic, jl. Adi Sucipto Km. 6,5 No. 31 Janti, DI Yogyakarta', '', '', 'Milik', 0, '1', '2015-12-21 14:09:24', 8, -7.78319407, 110.38970947, '08:00:00', '16:00:00', '2015-12-21 14:09:24'),
	(17, 'BUA', 'Buaran', 'Apotik Arie Yani, Jl. Buaran Raya 9A, Jakarta TImur', '0853 1000 7399', '', 'Milik', 0, '1', '2015-12-18 13:26:52', 8, -6.22086048, 106.91764832, '08:00:00', '16:00:00', NULL),
	(18, 'KRG', 'Kranggan', 'Apotik Kimia Farma, Jl. Kranggan Kranggan, Jakarta Timur', '08111 888 620', '', 'Milik', 0, '1', '2015-12-18 13:37:43', 8, -6.37216187, 106.91778564, '08:00:00', '16:00:00', NULL),
	(19, 'PWT', 'Purwokerto', 'Apotek Omnia Farma', '08111733130', '0000', 'Milik', 0, '1', '2017-01-20 09:59:24', 8, 0.00000000, 0.00000000, '08:01:00', '16:00:00', '2017-01-20 09:59:24'),
	(48, 'CIK', 'Cikarang', 'Apotik Kimia Farma, Jl. Imam Bonjol No. 1 Cikarang Barat - Bekasi', '0853 1000 6626', '', 'Milik', 0, '1', '2017-01-20 16:16:21', 8, -6.27320194, 107.10459137, '08:00:00', '16:00:00', NULL),
	(20, 'KRG', 'Kranggan', 'Apotik Kimia Farma, Jl. Kranggan Kranggan, Jakarta Timur', '+62 8111 888 620', '', 'Milik', 0, '1', '2015-12-21 10:14:01', 8, -6.37216187, 106.91778564, '08:00:00', '16:00:00', NULL),
	(22, 'RMA', 'Rawamangun', 'Apotik Sukma Sakti, Jl. Pemuda no. 76 Rawamangun, Jakarta Timur', '0853 1000 8005', '', 'Milik', 0, '1', '2015-12-21 10:42:58', 8, -6.19388390, 106.89320374, '08:00:00', '16:00:00', NULL),
	(23, 'BEK-1', 'Bekasi-1', 'Apotik Yudia, Jl. Ir H Juanda No. 62, Bekasi', '0853 1000 7599', '', 'Milik', 0, '1', '2015-12-25 14:15:26', 1, -6.23825979, 107.00132751, '08:00:00', '16:00:00', '2015-12-25 14:15:26'),
	(24, 'BEK-2', 'Bekasi-2', 'Apotik Yudia, Jl. Ir H Juanda No. 62, Bekasi', '0853 1000 7599', '', 'Milik', 0, '1', '2015-12-25 14:15:54', 1, -6.23825979, 107.00132751, '09:00:00', '17:00:00', '2015-12-25 14:15:54'),
	(26, 'DEP', 'Depok', 'Klinik Erra Medika, Jl. Tole Iskandar No. 4-5, Depok', '0823 2000 4559', '', 'Milik', 0, '1', '2015-12-21 13:24:10', 8, -6.40397120, 106.83895874, '08:00:00', '16:00:00', NULL),
	(27, 'IMY', 'Indramayu', 'Apotek Kimia Farma, Jl. Jendral Sudirman no. 94, Indramayu', '085310008003', '', 'Milik', 0, '1', '2016-10-07 13:22:13', 8, -6.32833719, 108.32666016, '08:00:00', '16:00:00', '2016-10-07 13:22:13'),
	(28, 'TGR', 'Tangerang', 'Klinik Citra Husada, Jl. Dewi Sartika No. 2', '0823 2000 4557', '', 'Milik', 0, '1', '2015-12-21 14:56:31', 8, -6.17017126, 106.63510132, '08:00:00', '16:00:00', NULL),
	(29, 'SOL', 'Solo', 'Apotik Padma, Jl. RM Said NO. 156', '', '', 'Milik', 0, '1', '2015-12-22 11:17:01', 8, -7.55962706, 110.81603241, '08:00:00', '16:00:00', NULL),
	(30, 'PMG', 'Pasar Minggu', 'apotik pola medical m, jl raya ragunan b-2 jatipadang pasar minggu jaksel', '0853 1000 6090', '', 'Kerjasama', 0, '1', '2016-03-03 09:21:43', 1, -6.28620195, 106.83054352, '08:00:00', '16:00:00', '2016-03-03 09:21:43'),
	(31, 'RCE', 'Rancaekek', 'Apotek Al-masoem &quot;B&quot; Cibulareng jl. Raya Bandung-garut Km. 25 cimanggung, sumedang', '', '', 'Kerjasama', 0, '1', '2016-10-07 09:29:48', 8, -6.95485020, 107.77015686, '08:00:00', '16:00:00', '2016-10-07 09:29:48'),
	(32, 'KSB', 'Kesambi', 'jl. Kesambi Raya. kota cirebon. jawabarat', '', '', 'Kerjasama', 0, '1', '2016-03-08 12:47:09', 1, -6.73140335, 108.55422211, '08:00:00', '04:00:00', NULL),
	(33, 'TUB', 'Tubis Bandung', 'Apotik Farmarin Jl. Tubagus Ismail No. 79, kota bandung', '', '', 'Milik', 0, '1', '2016-03-30 08:25:23', 1, -6.88588333, 107.62345886, '08:00:00', '04:00:00', NULL),
	(34, 'CON', 'Rumat Condet', 'apotik condet jaya, Jl.condet raya', '', '', 'Milik', 0, '1', '2016-05-23 09:44:44', 8, -6.27461767, 106.85658264, '08:00:00', '04:00:00', '2016-05-23 09:44:44'),
	(35, 'PAM', 'Pamulang', 'pamulang', '', '', 'Milik', 0, '1', '2016-05-25 10:11:50', 8, -6.34335852, 106.73173523, '08:00:00', '04:00:00', NULL),
	(36, 'KOP', 'Rumat Kopo', 'jl. terusan kopo km.13,5', '', '', 'Milik', 0, '1', '2016-05-30 09:54:44', 8, -7.00866556, 107.54216003, '08:00:00', '16:25:00', NULL),
	(37, 'KLG', 'Rumat Kaligarang', 'apotik farmarin jl.kaligarang no 8c', '0822 200200 39', '', 'Milik', 0, '1', '2016-07-15 17:02:48', 8, -6.99547386, 110.40560913, '08:00:00', '04:00:00', NULL),
	(38, 'BET', 'Bekasi Timur', 'Klinik &amp; Apotik Muilia Medika Jl. Raya Jati Mulia No.1 Bekasi Timur', '', '', 'Milik', 0, '1', '2016-07-25 10:28:28', 8, -6.26375723, 107.01576996, '08:00:00', '04:00:00', '2016-07-25 10:28:28'),
	(39, 'POP', 'Pos Pengumben', 'apotik kimia farma pos pengumben', '00000000000', '', 'Milik', 0, '1', '2016-08-01 11:17:45', 8, -6.21685982, 106.76982117, '08:00:00', '04:00:00', NULL),
	(40, 'PWA', 'Purwakarta', 'Apotek Setra Farma, Jl. Veteran  No. 22  Purwakarta', '08111 733 125', '', 'Milik', 0, '1', '2016-08-15 09:14:34', 8, -6.53740454, 107.44223785, '08:00:00', '16:00:00', NULL),
	(41, 'TEG', 'Tegal', 'Apotek Kimia Farma, Jl. Mayjend Sutoyo No.44 Kota Tegal', '08111 733 126', '', 'Milik', 0, '1', '2016-08-15 09:19:08', 8, -6.86924028, 109.12741852, '08:00:00', '16:00:00', NULL),
	(42, 'BIN', 'Rumat Bintaro', 'Apotik Olaf, Jl. Bintaro Utama V Blok ED 1/38 Bintaro Jaya Tangerang Selatan', '08111 733 127', '', 'Milik', 0, '1', '2016-09-19 09:06:05', 8, -6.27065802, 106.73065186, '08:00:00', '16:00:00', NULL),
	(43, 'KUD', 'Kudus', 'PD Apotek Kab. Kudus, Jl. Dr. Loekmonohadi No.5 Kudus', '08118823600', '', 'Milik', 0, '1', '2016-10-21 12:52:09', 8, -6.82011509, 110.83612823, '08:00:00', '16:02:00', NULL),
	(44, 'PEK', 'Pekalongan', 'Apotik Medono, Jl Urip Sumoharjo, Podosugih, Pekalongan', '08111733129', '', 'Milik', 0, '1', '2016-10-25 11:29:43', 8, -6.90275812, 109.66430664, '08:00:00', '16:00:00', '2016-10-25 11:29:43'),
	(45, 'ANT', 'Antapani', 'JL. Purwakarta No.43 A, Antapani Tengah, Antapani, Antapani Tengah, Antapani, Kota Bandung', '08111606153', '', 'Milik', 0, '1', '2016-11-02 14:25:27', 8, -6.91508341, 107.65283966, '08:00:00', '16:00:00', NULL),
	(46, 'CIR', 'Cirendeu', 'RUMAT Cirendeu, Apotik Rajawali, Jl. Cirendeu Raya No. 54 Ciputat Timur, Tangerang Selatan', '08111733128', '', 'Milik', 0, '1', '2016-11-29 11:17:58', 8, -6.31720924, 106.76910400, '08:00:00', '04:00:00', NULL),
	(47, 'CMG', 'Cimanggis', 'Klinik Poly Medikal Center Jl. Raya Bogor KM 34,4 Cimanggis Depok', '08111 733 132', '', 'Milik', 0, '1', '2017-01-11 17:03:17', 8, -6.39973640, 106.85971832, '08:00:00', '04:00:00', '2017-01-11 17:03:17'),
	(49, 'DMG', 'Dramaga', 'dramaga', '0000', '0000', 'Milik', 0, '1', '2017-01-30 09:34:19', 8, -6.56674099, 106.73648834, '08:00:00', '16:00:00', '2017-01-30 09:34:19'),
	(50, 'BLI', 'Blimbing', 'Jl. Raya Tumenggung Suryo, Purwantoro, Blimbing, Kota Malang, Jawa Timur 65126, Indonesia', '0000', '000', 'Milik', 0, '1', '2017-01-31 11:48:21', 8, -7.95928383, 112.64329529, '08:00:00', '16:00:00', NULL);
/*!40000 ALTER TABLE `perusahaan` ENABLE KEYS */;

-- Dumping structure for table rumatcoi_absendroid.presensi
CREATE TABLE IF NOT EXISTS `presensi` (
  `id` int(11) unsigned NOT NULL AUTO_INCREMENT,
  `perusahaan_id` int(11) NOT NULL,
  `pegawai_id` int(11) NOT NULL,
  `waktu_android` timestamp NULL DEFAULT NULL,
  `waktu` timestamp NULL DEFAULT CURRENT_TIMESTAMP,
  `qr_state` tinyint(1) DEFAULT '0',
  `imei` varchar(27) NOT NULL,
  `latitude` decimal(10,7) NOT NULL,
  `longitude` decimal(10,7) DEFAULT NULL,
  `akurasi` decimal(5,0) DEFAULT NULL COMMENT 'tingkat akurasi gps',
  `tanggal` date DEFAULT NULL,
  PRIMARY KEY (`id`)
) ENGINE=InnoDB AUTO_INCREMENT=39 DEFAULT CHARSET=latin1;

-- Dumping data for table rumatcoi_absendroid.presensi: ~6 rows (approximately)
/*!40000 ALTER TABLE `presensi` DISABLE KEYS */;
INSERT INTO `presensi` (`id`, `perusahaan_id`, `pegawai_id`, `waktu_android`, `waktu`, `qr_state`, `imei`, `latitude`, `longitude`, `akurasi`, `tanggal`) VALUES
	(33, 0, 100, '2017-03-10 17:00:00', '2017-03-10 23:46:57', 2, '000000000000000', -7.9666183, 112.6326317, 0, '2017-03-10'),
	(34, 0, 100, '2017-03-17 16:44:00', '2017-03-10 23:46:57', 2, '000000000000000', -7.9666183, 112.6326317, 0, '2017-03-17'),
	(35, 0, 100, '2017-03-19 16:48:00', '2017-03-10 23:46:57', 2, '000000000000000', -7.9666183, 112.6326317, 0, '2017-03-19'),
	(36, 0, 100, '2017-03-10 08:16:10', '2017-03-10 23:46:57', 1, '000000000000000', -7.9666183, 112.6326317, 0, '2017-03-10'),
	(37, 0, 100, '2017-03-17 22:53:14', '2017-03-17 22:53:24', 1, '865622028668049', -8.0301898, 112.6397460, 0, '2017-03-17'),
	(38, 0, 100, '2017-03-19 08:12:53', '2017-03-19 00:03:46', 1, '865622028668049', -8.0301898, 112.6397460, 0, '2017-03-19');
/*!40000 ALTER TABLE `presensi` ENABLE KEYS */;

-- Dumping structure for table rumatcoi_absendroid.qr_store
CREATE TABLE IF NOT EXISTS `qr_store` (
  `id` int(11) unsigned NOT NULL AUTO_INCREMENT,
  `perusahaan_id` int(11) NOT NULL,
  `qr_code` varchar(108) DEFAULT NULL,
  `create_on` timestamp NULL DEFAULT CURRENT_TIMESTAMP,
  `user_id` int(11) DEFAULT NULL,
  `qr_state` tinyint(1) DEFAULT '0',
  PRIMARY KEY (`id`)
) ENGINE=InnoDB AUTO_INCREMENT=101 DEFAULT CHARSET=latin1;

-- Dumping data for table rumatcoi_absendroid.qr_store: ~96 rows (approximately)
/*!40000 ALTER TABLE `qr_store` DISABLE KEYS */;
INSERT INTO `qr_store` (`id`, `perusahaan_id`, `qr_code`, `create_on`, `user_id`, `qr_state`) VALUES
	(1, 1, 'U1#1108e75a26deeda43c459186ada80b39#1', '2015-12-21 15:00:13', 1, 1),
	(2, 1, 'U1#2dd0bfe2ebca0cb66bc58ebfd4ef0e38#2', '2015-12-21 15:01:26', 1, 2),
	(3, 2, 'U2#5063d65c20aae790612e73b855862fd5#1', '2015-12-21 15:00:13', 1, 1),
	(4, 2, 'U2#f514fafc5da8243e42ed79df0eab801e#2', '2015-12-21 15:01:28', 1, 2),
	(5, 3, 'U3#07f5cf5e9ee30d523ad4d645e71c768c#1', '2015-12-21 15:00:13', 1, 1),
	(6, 3, 'U3#80a99965a3df941c67097be947c9faf0#2', '2015-12-21 15:01:28', 1, 2),
	(7, 4, 'U4#a9afe7ffd6e532175efe5ee849392577#1', '2015-12-21 15:00:13', 1, 1),
	(8, 4, 'U4#ed3807ed673fd330bc664d4228c4da09#2', '2015-12-21 15:01:28', 1, 2),
	(9, 5, 'U5#99e7aeb6d8a401e6b191393b77b88954#1', '2015-12-21 15:00:14', 1, 1),
	(10, 5, 'U5#d0227d8163c70e53faf7e7890c4c3ca3#2', '2015-12-21 15:01:28', 1, 2),
	(11, 6, 'U6#2189f81604f8f423804ab8cd496b94c2#1', '2015-12-21 15:00:14', 1, 1),
	(12, 6, 'U6#84225a9e8f1e10006d3d4e0cbfcd620d#2', '2015-12-21 15:01:28', 1, 2),
	(13, 7, 'U7#84e8cf09ce5a63d3fb335450b6b2cc50#1', '2015-12-21 15:00:14', 1, 1),
	(14, 7, 'U7#10901a20f28ffa9c1e47edfefae5895d#2', '2015-12-21 15:01:28', 1, 2),
	(15, 8, 'U8#71f730d10baee0fd4c5d2dd1b1182616#1', '2015-12-21 15:00:14', 1, 1),
	(16, 8, 'U8#82bff213c51e744f2e8b37b645003773#2', '2015-12-21 15:01:28', 1, 2),
	(17, 9, 'U9#365d916206c04b2d4c0a307c864bf2a4#1', '2015-12-21 15:00:14', 1, 1),
	(18, 9, 'U9#4a3ba1b70768dc29ee75afd095491232#2', '2015-12-21 15:01:29', 1, 2),
	(19, 10, 'U10#4de053ca5bb234cf4299b4583d61943a#1', '2015-12-21 15:00:14', 1, 1),
	(20, 10, 'U10#35a839e45b749d056719540c24848bf2#2', '2015-12-21 15:01:29', 1, 2),
	(21, 11, 'U11#8d8f6ce562a01e5ededd5cd182d1b5a4#1', '2015-12-21 15:00:14', 1, 1),
	(22, 11, 'U11#0a03ee2f7fe3e1cceeac6820c0a4eb59#2', '2015-12-21 15:01:29', 1, 2),
	(23, 12, 'U12#c753629cd7d4784095fd4ef66be46a5b#1', '2015-12-21 15:00:14', 1, 1),
	(24, 12, 'U12#81c2269ebe9966067bd901452a26b176#2', '2015-12-21 15:01:29', 1, 2),
	(25, 13, 'U13#e7f7dbe15a73a5419a2013ad183b719a#1', '2015-12-21 15:00:14', 1, 1),
	(26, 13, 'U13#b316a3e2998730935376e4b2da11da45#2', '2015-12-21 15:01:29', 1, 2),
	(27, 14, 'U14#2bbf4fef108a2ee58f3bd17c153b17ff#1', '2015-12-21 15:00:14', 1, 1),
	(28, 14, 'U14#36d3d61c61a6754c43a9bde19d58a792#2', '2015-12-21 15:01:29', 1, 2),
	(29, 15, 'U15#fc0e7a5de670679635bbe0198bace8a5#1', '2015-12-21 15:00:14', 1, 1),
	(30, 15, 'U15#8f7af41bf9379a6af8201558b635a64b#2', '2015-12-21 15:01:29', 1, 2),
	(31, 16, 'U16#65923b9ad56b46817673d6317d8fd275#1', '2015-12-21 15:00:14', 1, 1),
	(32, 16, 'U16#0af0dada6ec64d989fc0d101182a7d77#2', '2015-12-21 15:01:30', 1, 2),
	(33, 17, 'U17#3065060b29d0fd582cf656c64861cf0b#1', '2015-12-21 15:00:14', 1, 1),
	(34, 17, 'U17#ff7e8b4fd632e0fc5d306640e2c438ea#2', '2015-12-21 15:01:30', 1, 2),
	(35, 18, 'U18#de08ef6df4cea0b12cbf423f303966dc#1', '2015-12-21 15:00:15', 1, 1),
	(36, 18, 'U18#57ab8c1a54ddbf4628551e1a9b8328c9#2', '2015-12-21 15:01:30', 1, 2),
	(37, 19, 'U19#82392e6093216fee56ed72553bf010a6#1', '2015-12-21 15:00:15', 1, 1),
	(38, 19, 'U19#09206df6b6cae15ddbfa66676f157cc7#2', '2015-12-21 15:01:30', 1, 2),
	(39, 20, 'U20#86fda3d4ae6530e1ddb630f9aa5a0b71#1', '2015-12-21 15:00:15', 1, 1),
	(40, 20, 'U20#5fa2e27ffb7d7a6806bd7dc76da4b01b#2', '2015-12-21 15:01:30', 1, 2),
	(43, 22, 'U22#7ffb921e0f123f6c3bf7a86df99bc1d1#1', '2015-12-21 15:00:15', 1, 1),
	(44, 22, 'U22#819546e1307ad542273e73dc74a582b9#2', '2015-12-21 15:01:30', 1, 2),
	(45, 23, 'U23#88588019dca9d09dc5520695c8e9fb6b#1', '2015-12-21 15:00:15', 1, 1),
	(46, 23, 'U23#6aaa3190ff7605ab1e21acf5ee534f76#2', '2015-12-21 15:01:30', 1, 2),
	(47, 24, 'U24#d545d0cec9dade206d2fb3a43d6818a3#1', '2015-12-21 15:00:15', 1, 1),
	(48, 24, 'U24#f6073f800b47a6f48ef292efe235d138#2', '2015-12-21 15:01:30', 1, 2),
	(51, 26, 'U26#c303acabbac15d5e1acb612b35d5f31a#1', '2015-12-21 15:00:15', 1, 1),
	(52, 26, 'U26#3658e0ee386eddde1b93083a8abc4978#2', '2015-12-21 15:01:30', 1, 2),
	(53, 27, 'U27#c6958935fdb37f16fbf46b14ae85220c#1', '2015-12-21 15:00:16', 1, 1),
	(54, 27, 'U27#4850579dd0147c886caae009e608f0cc#2', '2015-12-21 15:01:30', 1, 2),
	(55, 28, 'U28#beabf1bde7f24b4c7f2ac5b6abb72d62#1', '2015-12-21 15:00:16', 1, 1),
	(56, 28, 'U28#3d298b4e6bc7f3cd82a7ea8e34da98c7#2', '2015-12-21 15:01:30', 1, 2),
	(57, 29, 'U29#6437e5bd7e83e9836db592ba9b8d85e6#1', '2015-12-22 11:17:02', 8, 1),
	(58, 29, 'U29#64c61b5c5eedfc30457b5a07ed177e21#2', '2015-12-22 11:17:03', 8, 2),
	(59, 30, 'U30#b2c1b14e1c8ce16378dd3d640e5e8ab1#1', '2016-03-02 12:38:40', 8, 1),
	(60, 30, 'U30#5a32161f3cc2da207fdf2529466480c1#2', '2016-03-02 12:38:41', 8, 2),
	(61, 31, 'U31#255e609ed758b41566d031f8db6199f6#1', '2016-03-03 08:49:47', 1, 1),
	(62, 31, 'U31#d4bd920f5632fcbcf5f25b3b741271cd#2', '2016-03-03 08:49:47', 1, 2),
	(63, 32, 'U32#8c7ea9ce569839dd44201ee8917bebc8#1', '2016-03-08 12:47:10', 1, 1),
	(64, 32, 'U32#9a4bb35aae46be8ee6d9b60454593c63#2', '2016-03-08 12:47:10', 1, 2),
	(65, 33, 'U33#55ede27ab862ca1903768fcc164df2e7#1', '2016-03-30 08:25:34', 1, 1),
	(66, 33, 'U33#b7ceff26ef90664232dcb3da30759d1d#2', '2016-03-30 08:25:34', 1, 2),
	(67, 34, 'U34#2753a9bb8649b40b0958d975dd31cbbe#1', '2016-05-23 09:32:01', 8, 1),
	(68, 34, 'U34#c9e7c45f4ab8dec27655318589daa721#2', '2016-05-23 09:32:01', 8, 2),
	(69, 35, 'U35#65e33c97e8bf00ac6dfa472fd17169a0#1', '2016-05-25 10:11:50', 8, 1),
	(70, 35, 'U35#a2e4001e6c9be25e52989a763d4c8511#2', '2016-05-25 10:11:50', 8, 2),
	(71, 36, 'U36#917c59dba3a813336d4c8b9c599552e2#1', '2016-05-30 09:54:44', 8, 1),
	(72, 36, 'U36#c7614712a5667ca350c8e78bc85f598d#2', '2016-05-30 09:54:44', 8, 2),
	(73, 37, 'U37#3a32c77df05b129fd3ce03e1b4533b50#1', '2016-07-15 17:02:48', 8, 1),
	(74, 37, 'U37#13ead39705e3199f3b03a62f35fb4dd8#2', '2016-07-15 17:02:48', 8, 2),
	(75, 38, 'U38#ef5497b09924250eb3bbe4b727cf2ef3#1', '2016-07-25 09:59:45', 8, 1),
	(76, 38, 'U38#6172d7f4ec9d7a37467391361d92a0d6#2', '2016-07-25 09:59:45', 8, 2),
	(77, 39, 'U39#ad9197b1af8686023a32d847f4445157#1', '2016-08-01 11:17:45', 8, 1),
	(78, 39, 'U39#8e37694bb64b660abf7a75bb75b3c1dc#2', '2016-08-01 11:17:45', 8, 2),
	(79, 40, 'U40#efb8cac9f69b62a2aaa5fffc6a0e4173#1', '2016-08-15 09:14:34', 8, 1),
	(80, 40, 'U40#30a490d3e1eaddfe97e1bbf67d43c313#2', '2016-08-15 09:14:35', 8, 2),
	(81, 41, 'U41#906f0f399f3dae4f5ab41af0eb66fcdb#1', '2016-08-15 09:19:09', 8, 1),
	(82, 41, 'U41#14a9d9d0247600c7e2b97dddfb2ff9bf#2', '2016-08-15 09:19:09', 8, 2),
	(83, 42, 'U42#8b5911d7d1b0c33d444ffa8efff29eb6#1', '2016-09-19 09:06:05', 8, 1),
	(84, 42, 'U42#0ac13d58e0590dabc07be7a5744b88e3#2', '2016-09-19 09:06:05', 8, 2),
	(85, 43, 'U43#03cdc317538549ea4a9689eac4198678#1', '2016-10-21 12:52:09', 8, 1),
	(86, 43, 'U43#3d643b9b69778d85b259fd356db46824#2', '2016-10-21 12:52:09', 8, 2),
	(87, 44, 'U44#cab0ff8903bc6a3f2d8153827e9c434b#1', '2016-10-25 08:40:03', 8, 1),
	(88, 44, 'U44#db74b2088d74bfe6eae77a5349a2928c#2', '2016-10-25 08:40:03', 8, 2),
	(89, 45, 'U45#19405e93e7078fa9cfda7707c78145fb#1', '2016-11-02 14:25:27', 8, 1),
	(90, 45, 'U45#5bb51fa1ffa8193a90612839db8f2863#2', '2016-11-02 14:25:27', 8, 2),
	(91, 46, 'U46#1824a23328b11f2ff8a74a347039e924#1', '2016-11-29 11:17:58', 8, 1),
	(92, 46, 'U46#746c0b4b4c6f2f566a37c87309e7b438#2', '2016-11-29 11:17:58', 8, 2),
	(93, 47, 'U47#73858e352421307eb44ec348c56b975b#1', '2017-01-11 14:00:49', 8, 1),
	(94, 47, 'U47#50b16d0b5e1394e6aa875510510cb334#2', '2017-01-11 14:00:49', 8, 2),
	(95, 48, 'U48#07a3897a7810ebdc266cfe2f207e18bc#1', '2017-01-20 16:16:21', 8, 1),
	(96, 48, 'U48#ba817a6065aaaaa976d5c839570f0e43#2', '2017-01-20 16:16:21', 8, 2),
	(97, 49, 'U49#03a77993629fe70c40abef48627f64c9#1', '2017-01-25 12:09:42', 8, 1),
	(98, 49, 'U49#e6138757c0c1fb97b3f71592e6f02d7d#2', '2017-01-25 12:09:42', 8, 2),
	(99, 50, 'U50#829e1469b1799ea5a0cdd0604f6b331c#1', '2017-01-31 11:48:22', 8, 1),
	(100, 50, 'U50#cd16a9092c14a0969f254c1cdef5fc4b#2', '2017-01-31 11:48:22', 8, 2);
/*!40000 ALTER TABLE `qr_store` ENABLE KEYS */;

-- Dumping structure for table rumatcoi_absendroid.user
CREATE TABLE IF NOT EXISTS `user` (
  `id` int(11) unsigned NOT NULL AUTO_INCREMENT,
  `id_perusahaan` int(11) NOT NULL,
  `username` varchar(54) NOT NULL DEFAULT '',
  `password` varchar(45) NOT NULL DEFAULT '',
  `nama` varchar(200) NOT NULL DEFAULT '',
  `email` varchar(100) DEFAULT NULL,
  `telp` varchar(100) DEFAULT NULL,
  `level` char(1) NOT NULL DEFAULT '0' COMMENT 'level user admin system absen',
  `status` char(1) NOT NULL DEFAULT '1' COMMENT '1=Aktif; 0=Inaktif;',
  `last_log` datetime DEFAULT NULL,
  `picture` varchar(200) DEFAULT NULL,
  `date_created` timestamp NOT NULL DEFAULT CURRENT_TIMESTAMP,
  `created_by` int(11) NOT NULL,
  PRIMARY KEY (`id`)
) ENGINE=MyISAM AUTO_INCREMENT=12 DEFAULT CHARSET=latin1;

-- Dumping data for table rumatcoi_absendroid.user: 6 rows
/*!40000 ALTER TABLE `user` DISABLE KEYS */;
INSERT INTO `user` (`id`, `id_perusahaan`, `username`, `password`, `nama`, `email`, `telp`, `level`, `status`, `last_log`, `picture`, `date_created`, `created_by`) VALUES
	(1, 1, 'adminabsen', 'fd441501ea16461a419d0af096c558a3', 'adminabsen', 'adminabsen@localhost.com', '321321', '0', '1', '2016-09-02 21:06:30', NULL, '2015-11-11 05:40:08', 11),
	(7, 0, 'admin', 'e51b7d5507f8aaba9cff22f283a1adab', 'admin', 'itus.ariyadi.sh@gmail.com', '00', '1', '1', '2017-03-31 11:08:24', NULL, '2015-12-15 15:02:51', 11),
	(8, 0, 'andry', 'aed3de30350b12d5fa346362ec907c35', 'andry agus setiadi', 'andry.rumat@gmail.com', '081908852277', '1', '1', '2017-02-08 23:48:33', NULL, '2015-12-17 08:55:21', 8),
	(9, 0, 'risa', 'd93a5def7511da3d0f2d171d9c344e91', 'clarisa anggun afina', 'clarisa.rumat@gmail.com', '081290414737', '0', '1', '2017-02-08 18:49:37', NULL, '2016-01-05 11:52:12', 1),
	(10, 0, 'Melia', 'ec1dcf819cfbe9a877ef5e21f6ca3b25', 'Mellia Wasni', 'melia.rumat@gmail.com', '082110010038', '0', '1', '2017-01-15 23:13:14', NULL, '2016-01-05 11:55:23', 10),
	(11, 0, 'udin', 'fd441501ea16461a419d0af096c558a3', 'fakhrudin', 'fakhrudin.rumat@gmail.com', NULL, '1', '1', '2017-01-29 17:21:08', NULL, '2016-03-31 21:18:52', 1);
/*!40000 ALTER TABLE `user` ENABLE KEYS */;

-- Dumping structure for table rumatcoi_absendroid.user1
CREATE TABLE IF NOT EXISTS `user1` (
  `id` int(11) unsigned NOT NULL AUTO_INCREMENT,
  `id_perusahaan` int(11) NOT NULL,
  `username` varchar(200) NOT NULL DEFAULT '',
  `password` varchar(40) NOT NULL DEFAULT '',
  `nama` varchar(200) NOT NULL DEFAULT '',
  `email` varchar(100) DEFAULT NULL,
  `telp` varchar(100) DEFAULT NULL,
  `nik` varchar(50) NOT NULL DEFAULT '',
  `level` char(1) NOT NULL DEFAULT '3' COMMENT '1=Admin; 2=Perawat; 3=Manajer Perawat; 4=Keuangan; 5=Manajer Keuangan;',
  `status` char(1) NOT NULL DEFAULT '1' COMMENT '1=Aktif; 0=Inaktif;',
  `presence` char(1) NOT NULL DEFAULT '0',
  `last_log` datetime DEFAULT NULL,
  `picture` varchar(200) DEFAULT NULL,
  `date_created` timestamp NOT NULL DEFAULT CURRENT_TIMESTAMP,
  `logged_in` char(1) NOT NULL DEFAULT '0',
  `logged_in_time` datetime DEFAULT NULL,
  `created_by` int(11) NOT NULL,
  PRIMARY KEY (`id`),
  KEY `id_perusahaan` (`id_perusahaan`),
  KEY `username` (`username`),
  KEY `level` (`level`),
  KEY `status` (`status`),
  KEY `password` (`password`),
  KEY `nik` (`nik`)
) ENGINE=MyISAM AUTO_INCREMENT=67 DEFAULT CHARSET=latin1;

-- Dumping data for table rumatcoi_absendroid.user1: 64 rows
/*!40000 ALTER TABLE `user1` DISABLE KEYS */;
INSERT INTO `user1` (`id`, `id_perusahaan`, `username`, `password`, `nama`, `email`, `telp`, `nik`, `level`, `status`, `presence`, `last_log`, `picture`, `date_created`, `logged_in`, `logged_in_time`, `created_by`) VALUES
	(1, 8, 'admin', '94cd166631d14dab533858b9b47e9584a2ff3f65', 'Administrator', '', '', '', '1', '1', '0', '2015-11-02 16:38:37', NULL, '0000-00-00 00:00:00', '0', NULL, 0),
	(4, 24, 'Winda', '364528ee76da0f1fb54577e7ebec26a2084b440b', 'Anindini Winda S.Kep., Ns., CWC', 'winda.rumat@gmail.com', '085710121617', '2014019', '2', '0', '1', '2015-06-30 10:53:22', NULL, '2014-10-01 14:14:10', '1', '2015-06-30 10:53:22', 1),
	(5, 10, 'Asrul', '5e3d4560e43e0f8980a378b35f6d25aefb6e04b2', 'Asrul Amd., Kep., CWC', '', '', '2014007', '3', '1', '1', '2015-11-09 12:28:17', '205a157963e888f057c0921aa3e_20150313145029KJ2hJ.jpg', '2014-11-02 21:59:08', '1', '2015-11-09 12:28:17', 1),
	(6, 21, 'Fahmita', '635344fd614a2eb65abd133776bedd167929da2c', 'Fahmita A\'yuni S.Kep., Ns., CDWC', 'fahmita.rumat@gmail.com', '085217942462', '2013025', '3', '1', '1', '2015-11-09 15:50:23', NULL, '2014-11-02 22:17:07', '1', '2015-11-09 15:50:23', 1),
	(7, 6, 'Feri', 'a2d831b0939e18e36ea06ad3f46dca2b8c176059', 'Feri Fadhli S.Kep., Ns., CWC', '', '', '2014012', '3', '1', '1', '2015-11-09 14:39:18', '2f370ebd6f1f5c2dbd7f7b1917b_20150313130304q0yC4.jpg', '2014-11-02 22:17:36', '1', '2015-11-09 14:39:18', 1),
	(8, 25, 'Rizka', '7c4a8d09ca3762af61e59520943dc26494f8941b', 'Rizka Yuliyanti Rahayu S.Kep., Ns., CDWC', 'rizka.rumat@gmail.com', '', '2013017', '3', '1', '1', '2015-11-08 08:23:02', 'b0b86d8c124ebf79d2a0e35dba6_20150908091339NcPdn.jpg', '2014-11-02 22:18:00', '1', '2015-11-08 08:23:02', 1),
	(9, 9, 'Anan', '8cb2237d0679ca88db6464eac60da96345513964', 'Abdul Anan A.Md.Kep.,CDWC', '', '081282323098', '2011006', '3', '1', '1', '2015-11-09 15:15:41', NULL, '2014-11-02 22:24:17', '1', '2015-11-09 15:15:41', 1),
	(10, 7, 'Titis', 'd3d944d4c9f16cdab52b1c51185aba947e4e490c', 'Riska Titis Andriyani S.Kep., Ns., CDWC', 'titis.rumat@gmail.com', '085310007667', '2013020', '3', '1', '1', '2015-11-09 14:33:14', NULL, '2014-11-02 22:24:35', '1', '2015-11-09 14:33:14', 1),
	(11, 24, 'Elfira', '863f456356a1b58577486619e9833186e8fa3ad9', 'Elfira Nurhidayati S.Kep., Ns., CDWC', 'elfira.rumat@gmail.com', '085310003535', '2012010', '2', '0', '1', '2015-07-01 12:03:50', '99a7ec1058c8b8ce72b96ab15f4_201505211442215zw0V.jpg', '2014-11-04 16:11:32', '0', '2015-07-01 12:03:50', 1),
	(12, 8, 'Melia', '21303bf471c9e683c65f5200b2376178695a4208', 'Meliawasni', 'mw_lia@yahoo.com', '0821 100 100 38', '2014001', '5', '1', '0', '2015-11-07 10:40:23', '9263e6a9f28373fb8f4207c77d8_20150316094401uNMeR.jpg', '2014-11-04 17:14:59', '1', '2015-11-07 10:40:23', 1),
	(13, 24, 'Netty', '34256b09eeae289467842f0c480ac3777e17b950', 'Netty Herawaty', 'netty.rumat@gmail.com', '085727414177', '2014002', '2', '0', '1', '2015-02-28 22:51:02', NULL, '2014-11-04 17:18:47', '0', '2015-02-28 22:51:02', 1),
	(14, 24, 'Harris', '08e55405be2dc5701140482821d3cd85d87f79de', 'Muhammad Harris Avicenna Akbar S.ST., CDWC', 'harris.rumat@gmail.com', '082320004545', '2013024', '2', '0', '1', '2015-06-22 08:35:34', NULL, '2014-11-05 03:49:47', '0', '2015-06-22 08:35:34', 1),
	(15, 8, 'Dadang', '8cb2237d0679ca88db6464eac60da96345513964', 'Dadang Suharto S.Kp. WOCN ', 'dadangsuharto@gmail.com', '0812 8179702', '2010001', '6', '1', '0', '2015-11-09 16:25:06', '91b3273894de3edd30a0b699a93_20150206082558stuI5.jpg', '2014-11-05 03:52:06', '1', '2015-11-09 16:25:06', 1),
	(16, 10, 'Tomi', '7c4a8d09ca3762af61e59520943dc26494f8941b', 'Tomi Supriadi Amd.Kep., CWC', '', '', '2014005', '3', '1', '1', '2015-09-30 08:38:07', '1ccbf0a0ec2df469bc62dac7871_20150323141459SkcG2.jpg', '2014-11-09 21:49:13', '1', '2015-09-30 08:38:07', 1),
	(17, 24, 'Puput', '8cb2237d0679ca88db6464eac60da96345513964', 'Kartika Putri Yuwono', 'kartika.rumat@gmail.com', '', '2013018', '2', '0', '1', '2015-02-03 09:15:27', NULL, '2014-11-24 21:52:52', '0', NULL, 1),
	(18, 5, 'Nur Hayati', '8cb2237d0679ca88db6464eac60da96345513964', 'Nurhayati Am.Keb.,CWC', '', '', '2014008', '2', '1', '1', '2015-11-09 10:18:09', '3d55dd3a4e2710f0c127121b0b2_201503131255394yFut.jpg', '2014-11-28 05:26:05', '1', '2015-11-09 10:18:09', 1),
	(19, 12, 'Nuri', '7c4a8d09ca3762af61e59520943dc26494f8941b', 'Nuri Dwi Jayanti Amd.Kep., CDWC', '', '', '2013021', '3', '1', '1', '2015-11-09 14:27:11', NULL, '2014-12-17 22:21:24', '1', '2015-11-09 14:27:11', 1),
	(25, 9, 'Agung', '8cb2237d0679ca88db6464eac60da96345513964', 'Anugrah Agung Amd. Kep., CDWC', 'agung.rumat@gmail.com', '+62 877 8827 5310', '2012002', '2', '1', '1', '2015-11-09 14:49:50', NULL, '2014-12-27 13:04:42', '0', NULL, 1),
	(20, 8, 'Fakhrudin', '1d859038babcc6f6d97595cdd41eca20ce400c97', 'Fakhrudin', 'masdidin@gmail.com', '08111 888 902', '2010002', '1', '1', '0', '2015-11-09 16:37:22', '89a70f1046df3fe2eab86c4ac9d_20150206085058r5rtc.jpg', '2014-12-25 17:07:04', '0', NULL, 1),
	(21, 1, 'Nila', '7c4a8d09ca3762af61e59520943dc26494f8941b', 'Nila Rokhmawati S.Kep., Ns., CWC', '', '', '2014006', '2', '1', '1', '2015-11-06 15:23:30', 'd96f88811dd0c68e61ac3609fb2_201503131321051lfpt.jpg', '2014-12-27 12:45:56', '1', '2015-11-06 15:23:30', 1),
	(22, 9, 'Nur Azizah', '3914937e6e3f2d5c3962511fd87f5b80f1bb09db', 'Nur Azizah S.Kep., Ns., CDWC', 'izza.rumat@gmail.com', '085310006090', '2013019', '2', '1', '0', '2015-11-09 15:33:45', NULL, '2014-12-27 12:48:59', '1', '2015-11-09 15:33:45', 1),
	(23, 27, 'Pindri', '7c4a8d09ca3762af61e59520943dc26494f8941b', 'Pindri S.Kep., Ns., CDWC', 'pindri.rumat@gmail.com', '', '2012009', '3', '1', '1', '2015-11-09 11:14:24', NULL, '2014-12-27 12:49:31', '0', NULL, 1),
	(24, 5, 'Lia', 'e73285adc26f7bfeeb91e5a00666d984f25bd4f3', 'Mar\'atush Sholihah S.Kep., Ns., CDWC', 'lia.rumat@gmail.com', '085793359433', '2012013', '3', '1', '1', '2015-11-03 08:06:19', '15e422de6d93e56a9395c7bc383_20150525083618sjc9U.jpg', '2014-12-27 12:50:39', '1', '2015-11-03 08:06:19', 1),
	(26, 13, 'Iskoriah', '1411678a0b9e25ee2f7c8b2f7ac92b6a74b3f9c5', 'Iskoriah S.Kep., Ns., CDWC', 'iis.rumat@gmail.com', '085723761412', 'admin', '3', '1', '1', '2015-03-30 11:25:58', NULL, '2014-12-27 13:05:25', '0', NULL, 1),
	(27, 20, 'Yuli', '7c4a8d09ca3762af61e59520943dc26494f8941b', 'Yuli Pujiati A.Md.Kep.,CDWC', '', '', '', '3', '1', '1', '2015-04-15 13:28:01', NULL, '2014-12-27 13:06:09', '1', '2015-04-15 13:28:01', 1),
	(28, 18, 'Fajar', '7c4a8d09ca3762af61e59520943dc26494f8941b', 'Fajar Wijiyanti S.Kep., Ns., CDWC', '', '', '', '3', '1', '1', '0000-00-00 00:00:00', NULL, '2014-12-27 13:06:46', '0', NULL, 1),
	(29, 26, 'Putry', '7cc869ab16b0f9494b4d0d7130a9227553849ade', 'Putry Khusnul Khatimah S.Kep., Ns., CDWC', '', '', '2013023', '3', '1', '1', '2015-11-09 05:56:40', NULL, '2014-12-27 13:07:27', '0', NULL, 1),
	(30, 4, 'Niimma', '7c4a8d09ca3762af61e59520943dc26494f8941b', 'Niimma Nur Azizah S.Kep., Ns., CDWC', 'niimma.rumat@gmail.com', '', '2013015', '3', '1', '1', '2015-11-09 15:45:35', NULL, '2014-12-27 13:09:40', '0', NULL, 1),
	(31, 1, 'Cipto', '9a4da3c96089e80822626abb5ced14f3cc2849e0', 'Sucipto A.Md.Kep.,CDWC', 'cipto.rumat@gmail.com', '081111111111', '2014018', '3', '1', '1', '2015-11-09 13:55:04', '41dfa49f5495c2ba5d3198ce99a_20150219085704wX7GQ.jpg', '2014-12-27 13:10:36', '1', '2015-11-09 13:55:04', 1),
	(32, 28, 'Idris', '5e881797962340582e3a62945f7a09f8b593cf5e', 'Idris Amd. Kep., CWC', 'Idris.rumat@gmail.com', '', 'admin', '2', '1', '1', '2015-11-09 15:27:39', 'b9fde942bb5bda677c0ff7d189f_20150313165515iN9KH.jpg', '2014-12-27 13:30:16', '1', '2015-11-09 15:27:39', 1),
	(33, 9, 'waroe', '94cd166631d14dab533858b9b47e9584a2ff3f65', 'Waroe Tester', 'itus.ariyadi.sh@waroeweb.com', '', '', '1', '1', '0', '2015-04-13 07:55:20', NULL, '2015-01-12 09:02:03', '0', NULL, 1),
	(34, 8, 'Faozan', '7c4a8d09ca3762af61e59520943dc26494f8941b', 'Faozan Adhima', '', '', '', '4', '1', '0', '2015-05-15 14:13:08', NULL, '2015-01-12 11:11:00', '0', NULL, 20),
	(35, 1, 'Adzima', '7c4a8d09ca3762af61e59520943dc26494f8941b', 'Adhima Faozan', 'Faozan.Rumat@gmail.com', '0853 2000 2020', '2014002', '8', '1', '0', '2015-09-23 10:29:16', NULL, '2015-01-12 11:14:37', '1', '2015-09-23 10:29:16', 20),
	(36, 8, 'Abu', '94cd166631d14dab533858b9b47e9584a2ff3f65', 'Abu Haidar', '', '', '', '9', '1', '0', '2015-11-03 15:49:14', NULL, '2015-01-12 11:17:18', '0', NULL, 20),
	(37, 16, 'Imman', 'fab2d2164fc43d1a88346bf4c94ff90e9e3d9725', 'Imman', '', '', '', '2', '1', '0', '0000-00-00 00:00:00', NULL, '2015-01-14 23:14:06', '0', NULL, 20),
	(38, 3, 'waroeuser', '94cd166631d14dab533858b9b47e9584a2ff3f65', 'Waroe User', 'anton.ashardi@waroeweb.com', '', '101', '2', '1', '0', '2015-09-30 14:26:03', NULL, '2015-02-03 09:35:22', '0', NULL, 33),
	(39, 5, 'Test', '7c4a8d09ca3762af61e59520943dc26494f8941b', 'Test Perawat', 'test.rumat@gmail.com', '', 'admin', '2', '1', '0', '2015-09-08 12:20:20', NULL, '2015-02-04 10:52:09', '0', NULL, 20),
	(41, 2, 'DianWuriSambhara', '74a871acbf060dda5fc7260d05a5924a34e4c0e7', 'Dian Wuri Sambhara S.Kep., Ns., CWC', 'dian.rumat@gmail.com', '', '2014013', '3', '1', '1', '2015-11-07 08:17:13', 'ac364586bfdec910f17c2ea3399_20150313164358Q88CT.jpg', '2015-02-25 10:59:50', '0', NULL, 1),
	(49, 1, 'waroemperawat', '94cd166631d14dab533858b9b47e9584a2ff3f65', 'Waroe M Perawat 2', 'waroemperawat@waroeweb.com', '', '112', '3', '1', '0', '2015-09-11 21:18:54', NULL, '2015-03-05 11:21:32', '1', '2015-09-11 21:18:54', 33),
	(40, 8, 'waroeakun', '94cd166631d14dab533858b9b47e9584a2ff3f65', 'Waroe akun', 'nana@waroe.com', '', '111', '5', '1', '0', '2015-11-02 21:17:36', NULL, '2015-02-16 08:47:22', '0', NULL, 33),
	(42, 22, 'Dessy', '16a9a2e44f88b8a9dd4e2bb83a6972cffbfbeeab', 'Dessy Restu Islamia Ely S.Kep., Ns.,  CWC', 'dessy.rumat@gmal.com', '', '2014018', '3', '1', '1', '2015-11-08 22:37:34', '3125c4e6a64aceb457e017b81dd_201503131432504VyzS.jpg', '2015-02-25 15:09:25', '0', NULL, 1),
	(43, 14, 'Maudymelissa', 'e2a1fbe750fec9ca670a36a26b836cfbd4e55694', 'Maudy Melissa S.Kep., Ns., CWC', 'maudy.rumat@gmail.com', '', '2014014', '3', '1', '1', '2015-11-09 15:02:58', '250c99eca27843c96f422fc4fa2_20150313155259BVyCs.jpg', '2015-02-25 15:11:48', '1', '2015-11-09 15:02:58', 1),
	(44, 24, 'Ade', '79756efe9c7f5c1defbc050cffada6c3fd895fd4', 'Ade Aliman Amd.Kep., CWC', '', '', '2014010', '2', '0', '2', '2015-06-27 12:05:51', NULL, '2015-02-25 15:13:24', '0', NULL, 1),
	(46, 28, 'Krisna', '781636aaa398987dc9eeccc04e91eaf69d8a82dd', 'Krisna Wijaya Kusuma S.Kep., Ns., CWC', '', '', '2014011', '3', '1', '1', '2015-11-07 12:15:33', '66dd65554836fb5f6e17409559d_20150313160856tQAXt.jpg', '2015-02-26 16:32:33', '0', NULL, 1),
	(45, 29, 'Hermawan', '7c4a8d09ca3762af61e59520943dc26494f8941b', 'Hermawan Setiadi Amd.Kep., CWC', '', '', '2014009', '3', '1', '1', '2015-11-09 15:48:17', NULL, '2015-02-26 10:45:52', '1', '2015-11-09 15:48:17', 1),
	(47, 9, 'Ranisorayawasimatunnisa', '6dae15b0088bb2b2af63e30206e4efeee40cd334', 'Rani Soraya Wasimatunnisa S.Kep., Ns., CWC', 'rani.rumat@gmail.com', '', '2014015', '2', '1', '1', '2015-11-07 13:53:00', 'f146a674f8dbdc5ba5b1bad7d6b_20150313133538c4Bya.jpg', '2015-02-26 16:39:25', '0', NULL, 1),
	(48, 9, 'Abu Haidar', '94cd166631d14dab533858b9b47e9584a2ff3f65', 'Fakhrudin Abu Haidar', '', '', '', '5', '1', '0', '2015-11-03 16:10:55', NULL, '2015-03-03 12:53:10', '1', '2015-11-03 16:10:55', 20),
	(50, 1, 'waroeceo', '94cd166631d14dab533858b9b47e9584a2ff3f65', 'waroe ceo', '', '', '', '6', '1', '0', '2015-05-05 13:24:38', NULL, '2015-03-19 08:49:41', '0', NULL, 1),
	(65, 1, 'waroemakun', '94cd166631d14dab533858b9b47e9584a2ff3f65', 'Manager keuangan ', 'nana@iguana.com', '123', 'Qwe', '5', '1', '0', '2015-10-24 12:03:08', NULL, '2015-10-24 12:00:33', '1', '2015-10-24 12:03:08', 1),
	(54, 8, 'Haidar', '994989c8cdccafc342035b41077978a25ecc6374', 'Abdurrahman Haidar', '', '', '', '7', '1', '0', '2015-04-27 06:37:21', NULL, '2015-04-24 10:26:41', '1', '2015-04-27 06:37:21', 20),
	(52, 1, 'suharto', '7c4a8d09ca3762af61e59520943dc26494f8941b', 'dadang suharto 2', '', '', '', '3', '1', '0', '2015-04-11 11:50:59', NULL, '2015-04-06 10:52:09', '1', '2015-04-11 11:50:59', 1),
	(51, 3, 'suharto', '7c4a8d09ca3762af61e59520943dc26494f8941b', 'dadangsuharto', '', '', '', '3', '1', '1', '2015-03-30 10:34:00', NULL, '2015-03-30 10:09:51', '1', '2015-03-30 10:34:00', 1),
	(53, 22, 'waroemuser', '94cd166631d14dab533858b9b47e9584a2ff3f65', 'Waroe M Perawat', 'waroemuser@gmail.com', '', '1112', '3', '1', '0', '2015-10-08 06:02:16', NULL, '2015-04-19 06:32:25', '1', '2015-10-08 06:02:16', 1),
	(55, 23, 'Sylvi', '7c4a8d09ca3762af61e59520943dc26494f8941b', 'Sylvi Nur Amalina', 'sylvi.rumat@gmail.com', '', '', '3', '1', '1', '2015-08-25 21:39:39', NULL, '2015-05-13 09:09:06', '1', '2015-08-25 21:39:39', 1),
	(58, 3, 'Nurul', '7c4a8d09ca3762af61e59520943dc26494f8941b', 'Nurul Chairini, S.Kep. Ns. CDWC ', 'nurul.rumat@gmail.com', '', '2015002', '3', '1', '1', '2015-11-09 11:59:16', NULL, '2015-06-29 10:59:06', '1', '2015-11-09 11:59:16', 57),
	(56, 9, 'manager', '94cd166631d14dab533858b9b47e9584a2ff3f65', 'manager yest', 'manager@rumat.co.id', '', '', '2', '1', '0', '2015-05-25 16:20:36', NULL, '2015-05-25 13:30:36', '1', '2015-05-25 16:20:36', 1),
	(57, 8, 'andry', 'fa0cc8793547a6a0afd10dff28d2f2f1ac0cd3be', 'andry agus setiadi', 'andry.rumat@gmail.com', '081908852277', '', '1', '1', '0', '2015-11-09 15:18:05', NULL, '2015-06-18 13:05:20', '0', NULL, 1),
	(62, 5, 'test perawat tambun', '7c4a8d09ca3762af61e59520943dc26494f8941b', 'test perawat tambun', '', '', 'admin', '2', '1', '0', '0000-00-00 00:00:00', NULL, '2015-09-02 13:28:27', '1', NULL, 1),
	(66, 8, 'clarisa', '94cd166631d14dab533858b9b47e9584a2ff3f65', 'Clarisa', '', '', '', '4', '0', '0', '0000-00-00 00:00:00', NULL, '2015-11-02 16:41:44', '1', NULL, 1),
	(59, 24, 'nunung', '7c4a8d09ca3762af61e59520943dc26494f8941b', 'nunung', 'nunung.rumat@gmail.com', '', '', '2', '0', '0', '0000-00-00 00:00:00', NULL, '2015-06-29 10:59:53', '0', NULL, 57),
	(60, 11, 'Ani', '7c4a8d09ca3762af61e59520943dc26494f8941b', 'Hasriani A.Md.Kep.,CWC', 'ani.rumat@gmail.com', '', '2015001', '3', '1', '1', '2015-11-09 08:18:07', NULL, '2015-06-29 11:01:25', '1', '2015-11-09 08:18:07', 57),
	(63, 8, 'Risa', '7c4a8d09ca3762af61e59520943dc26494f8941b', 'Clarisa Anggun Afina', 'risa.rumat@gmail.com', '', '', '4', '1', '0', '2015-09-08 10:11:14', NULL, '2015-09-07 12:27:55', '0', NULL, 20),
	(61, 23, 'rizka2', '7c4a8d09ca3762af61e59520943dc26494f8941b', 'Rizka Yuliyanti Rahayu, S.Kep.,Ns., CDWC', '', '', '', '3', '1', '0', '2015-11-07 10:30:54', '39a021ed21d64bf83fb031f0ea2_201509080901240tOYJ.jpg', '2015-08-12 11:30:06', '1', '2015-11-07 10:30:54', 57),
	(64, 1, 'testinput', '94cd166631d14dab533858b9b47e9584a2ff3f65', 'testinput', '', '', '', '2', '1', '0', '0000-00-00 00:00:00', NULL, '2015-09-07 20:03:26', '1', NULL, 1);
/*!40000 ALTER TABLE `user1` ENABLE KEYS */;

-- Dumping structure for table rumatcoi_absendroid.user_log
CREATE TABLE IF NOT EXISTS `user_log` (
  `id` int(11) unsigned NOT NULL AUTO_INCREMENT,
  `perusahaan_id` int(11) NOT NULL,
  `query` text NOT NULL,
  `logtime` timestamp NOT NULL DEFAULT CURRENT_TIMESTAMP,
  PRIMARY KEY (`id`),
  KEY `id_perusahaan` (`perusahaan_id`)
) ENGINE=InnoDB DEFAULT CHARSET=latin1 CHECKSUM=1 DELAY_KEY_WRITE=1 ROW_FORMAT=DYNAMIC;

-- Dumping data for table rumatcoi_absendroid.user_log: ~0 rows (approximately)
/*!40000 ALTER TABLE `user_log` DISABLE KEYS */;
/*!40000 ALTER TABLE `user_log` ENABLE KEYS */;

-- Dumping structure for table rumatcoi_absendroid.varlist
CREATE TABLE IF NOT EXISTS `varlist` (
  `id` tinyint(4) NOT NULL,
  `variabel` varchar(45) DEFAULT NULL,
  `val` varchar(45) DEFAULT NULL,
  PRIMARY KEY (`id`)
) ENGINE=InnoDB DEFAULT CHARSET=latin1;

-- Dumping data for table rumatcoi_absendroid.varlist: ~4 rows (approximately)
/*!40000 ALTER TABLE `varlist` DISABLE KEYS */;
INSERT INTO `varlist` (`id`, `variabel`, `val`) VALUES
	(1, 'WebAppVer', '1'),
	(2, 'Android AppVer', '2'),
	(3, 'netlog_id', '48'),
	(4, 'max row req', '36');
/*!40000 ALTER TABLE `varlist` ENABLE KEYS */;

-- Dumping structure for trigger rumatcoi_absendroid.after_insert_perus
SET @OLDTMP_SQL_MODE=@@SQL_MODE, SQL_MODE='NO_AUTO_VALUE_ON_ZERO';
DELIMITER //
CREATE TRIGGER `after_insert_perus` AFTER INSERT ON `perusahaan` FOR EACH ROW BEGIN
INSERT INTO qr_store (perusahaan_id,qr_state) VALUES (NEW.id, 1);
INSERT INTO qr_store (perusahaan_id,qr_state) VALUES (NEW.id, 2);
END//
DELIMITER ;
SET SQL_MODE=@OLDTMP_SQL_MODE;

-- Dumping structure for trigger rumatcoi_absendroid.loggingData
SET @OLDTMP_SQL_MODE=@@SQL_MODE, SQL_MODE='NO_AUTO_VALUE_ON_ZERO';
DELIMITER //
CREATE TRIGGER `loggingData` AFTER UPDATE ON `netlog` FOR EACH ROW begin
UPDATE varlist SET val = OLD.id WHERE id=3;
end//
DELIMITER ;
SET SQL_MODE=@OLDTMP_SQL_MODE;

/*!40101 SET SQL_MODE=IFNULL(@OLD_SQL_MODE, '') */;
/*!40014 SET FOREIGN_KEY_CHECKS=IF(@OLD_FOREIGN_KEY_CHECKS IS NULL, 1, @OLD_FOREIGN_KEY_CHECKS) */;
/*!40101 SET CHARACTER_SET_CLIENT=@OLD_CHARACTER_SET_CLIENT */;
